-- phpMyAdmin SQL Dump
-- version 4.5.4.1deb2ubuntu2
-- http://www.phpmyadmin.net
--
-- Host: localhost
-- Generation Time: Dec 26, 2017 at 04:50 PM
-- Server version: 5.7.20-0ubuntu0.16.04.1
-- PHP Version: 7.0.22-0ubuntu0.16.04.1

SET SQL_MODE = "NO_AUTO_VALUE_ON_ZERO";
SET time_zone = "+00:00";


/*!40101 SET @OLD_CHARACTER_SET_CLIENT=@@CHARACTER_SET_CLIENT */;
/*!40101 SET @OLD_CHARACTER_SET_RESULTS=@@CHARACTER_SET_RESULTS */;
/*!40101 SET @OLD_COLLATION_CONNECTION=@@COLLATION_CONNECTION */;
/*!40101 SET NAMES utf8mb4 */;

--
-- Database: `restful-api`
--

-- --------------------------------------------------------

--
-- Table structure for table `categories`
--

CREATE TABLE `categories` (
  `id` int(10) UNSIGNED NOT NULL,
  `name` varchar(255) NOT NULL,
  `description` varchar(1000) NOT NULL,
  `created_at` timestamp NULL DEFAULT NULL,
  `updated_at` timestamp NULL DEFAULT NULL
) ENGINE=InnoDB DEFAULT CHARSET=utf8mb4;

--
-- Dumping data for table `categories`
--

INSERT INTO `categories` (`id`, `name`, `description`, `created_at`, `updated_at`) VALUES
(1, 'iusto', 'Perferendis fuga id ea sapiente rerum. Vel magni aut voluptate corporis fugit ab tempore corrupti.', '2017-12-26 12:19:59', '2017-12-26 12:19:59'),
(2, 'quia', 'In et laborum voluptatem qui voluptatem in sed.', '2017-12-26 12:19:59', '2017-12-26 12:19:59'),
(3, 'tenetur', 'Optio qui quibusdam laudantium animi. Ducimus enim qui ut consequuntur et.', '2017-12-26 12:19:59', '2017-12-26 12:19:59'),
(4, 'harum', 'Optio aut aut voluptas alias.', '2017-12-26 12:19:59', '2017-12-26 12:19:59'),
(5, 'ducimus', 'Omnis molestiae autem ut nam nihil nihil nemo.', '2017-12-26 12:19:59', '2017-12-26 12:19:59'),
(6, 'doloremque', 'Voluptatem blanditiis adipisci id repellendus sed.', '2017-12-26 12:19:59', '2017-12-26 12:19:59'),
(7, 'vel', 'Aliquam et distinctio ea. Doloremque quae quis et maiores accusantium.', '2017-12-26 12:19:59', '2017-12-26 12:19:59'),
(8, 'omnis', 'Harum at cupiditate velit vero.', '2017-12-26 12:19:59', '2017-12-26 12:19:59'),
(9, 'architecto', 'Maiores eius reprehenderit fugiat aliquam unde nisi.', '2017-12-26 12:20:00', '2017-12-26 12:20:00'),
(10, 'maiores', 'Culpa impedit aut esse ut qui id vel dignissimos. Totam aut ex sunt nesciunt ea.', '2017-12-26 12:20:00', '2017-12-26 12:20:00'),
(11, 'facere', 'Est quisquam repellat optio molestias. Iste architecto alias consequatur aliquam.', '2017-12-26 12:20:00', '2017-12-26 12:20:00'),
(12, 'ut', 'Aut dolorem nesciunt neque illo. Ea soluta est omnis et.', '2017-12-26 12:20:00', '2017-12-26 12:20:00'),
(13, 'sapiente', 'Omnis ut doloribus voluptas ea in reprehenderit. Magnam pariatur ut fuga voluptatum est repellat.', '2017-12-26 12:20:00', '2017-12-26 12:20:00'),
(14, 'quia', 'Minus provident sunt est accusamus temporibus.', '2017-12-26 12:20:00', '2017-12-26 12:20:00'),
(15, 'sed', 'Eaque eum adipisci at ipsum ut eaque consequatur.', '2017-12-26 12:20:00', '2017-12-26 12:20:00'),
(16, 'ut', 'Sed omnis et tempora sunt et dolorem et excepturi. Esse architecto asperiores molestiae tenetur ipsam saepe aut.', '2017-12-26 12:20:00', '2017-12-26 12:20:00'),
(17, 'dolores', 'Quos voluptates ducimus laboriosam qui magni. Nemo repellat omnis odit alias.', '2017-12-26 12:20:00', '2017-12-26 12:20:00'),
(18, 'velit', 'Vitae omnis corporis omnis ipsam velit deleniti optio. In sunt autem est excepturi.', '2017-12-26 12:20:00', '2017-12-26 12:20:00'),
(19, 'aut', 'Ducimus nemo incidunt consequatur non dolores recusandae.', '2017-12-26 12:20:00', '2017-12-26 12:20:00'),
(20, 'officia', 'In expedita eligendi nostrum. Est nesciunt ea quis repudiandae nisi amet dolores libero.', '2017-12-26 12:20:00', '2017-12-26 12:20:00'),
(21, 'voluptatibus', 'Et non occaecati voluptas vel quia enim maiores.', '2017-12-26 12:20:00', '2017-12-26 12:20:00'),
(22, 'facilis', 'Libero cupiditate quia deserunt dignissimos quam aut non.', '2017-12-26 12:20:00', '2017-12-26 12:20:00'),
(23, 'nostrum', 'Et doloremque dicta blanditiis.', '2017-12-26 12:20:00', '2017-12-26 12:20:00'),
(24, 'quisquam', 'Autem reiciendis reiciendis dolores soluta qui voluptas mollitia. Iusto exercitationem nesciunt magnam ut libero dolor.', '2017-12-26 12:20:00', '2017-12-26 12:20:00'),
(25, 'totam', 'Ut adipisci eligendi iure molestias maiores. Et nemo ipsa exercitationem ab fugit iusto.', '2017-12-26 12:20:00', '2017-12-26 12:20:00'),
(26, 'temporibus', 'Quasi qui consequatur ut ut odio deleniti est. Omnis dolores aperiam similique mollitia voluptas praesentium necessitatibus.', '2017-12-26 12:20:00', '2017-12-26 12:20:00'),
(27, 'eos', 'Est sed sint modi non nihil molestias distinctio. Magnam sed quas ipsum labore.', '2017-12-26 12:20:00', '2017-12-26 12:20:00'),
(28, 'sed', 'Iste mollitia ut hic qui.', '2017-12-26 12:20:00', '2017-12-26 12:20:00'),
(29, 'nulla', 'Sed quaerat ipsam eaque.', '2017-12-26 12:20:00', '2017-12-26 12:20:00'),
(30, 'tempore', 'Cumque pariatur eius molestiae. Ipsum molestiae adipisci quaerat non sit blanditiis.', '2017-12-26 12:20:00', '2017-12-26 12:20:00'),
(31, 'adipisci', 'Sit ullam nihil et.', '2017-12-26 12:20:00', '2017-12-26 12:20:00'),
(32, 'esse', 'Corporis voluptatum ut nobis quas dicta error. Voluptas consequatur maxime dolorem.', '2017-12-26 12:20:00', '2017-12-26 12:20:00'),
(33, 'veritatis', 'Quas neque fuga aut accusantium unde ex fugiat.', '2017-12-26 12:20:00', '2017-12-26 12:20:00'),
(34, 'minus', 'Occaecati alias et iure.', '2017-12-26 12:20:00', '2017-12-26 12:20:00'),
(35, 'qui', 'Possimus aut recusandae suscipit temporibus maiores.', '2017-12-26 12:20:00', '2017-12-26 12:20:00'),
(36, 'architecto', 'Placeat id eum voluptatum eaque eaque harum. Illo et esse illo ut numquam neque omnis.', '2017-12-26 12:20:00', '2017-12-26 12:20:00'),
(37, 'natus', 'Atque et at expedita aut voluptatibus inventore. Nobis qui est repellat facilis ut pariatur.', '2017-12-26 12:20:00', '2017-12-26 12:20:00'),
(38, 'ratione', 'Quos distinctio tenetur enim veritatis harum exercitationem.', '2017-12-26 12:20:00', '2017-12-26 12:20:00'),
(39, 'et', 'Est distinctio totam voluptas error cum at suscipit.', '2017-12-26 12:20:00', '2017-12-26 12:20:00'),
(40, 'enim', 'Eos sit deleniti voluptatem maiores.', '2017-12-26 12:20:00', '2017-12-26 12:20:00'),
(41, 'voluptas', 'Aut omnis adipisci quod. Consequuntur in doloremque adipisci ea rerum repellat optio.', '2017-12-26 12:20:00', '2017-12-26 12:20:00'),
(42, 'qui', 'Adipisci ut veritatis quos ipsam ut molestias. Tempora et repellat sunt est iste rem.', '2017-12-26 12:20:00', '2017-12-26 12:20:00'),
(43, 'repellendus', 'Modi molestiae ut quidem sit voluptatum autem.', '2017-12-26 12:20:00', '2017-12-26 12:20:00'),
(44, 'velit', 'Assumenda consequatur dolorem rerum facilis est.', '2017-12-26 12:20:00', '2017-12-26 12:20:00'),
(45, 'ut', 'Dolorem quia unde sunt omnis dignissimos. Enim rerum amet modi eligendi necessitatibus.', '2017-12-26 12:20:00', '2017-12-26 12:20:00'),
(46, 'voluptate', 'Atque consequatur aut sunt iusto.', '2017-12-26 12:20:00', '2017-12-26 12:20:00'),
(47, 'velit', 'Quidem ea possimus non voluptatum sit est. Fugiat iste et hic enim qui qui.', '2017-12-26 12:20:00', '2017-12-26 12:20:00'),
(48, 'facere', 'Error et voluptatem perspiciatis voluptas praesentium assumenda sint. Ipsam odit tempora itaque est ducimus.', '2017-12-26 12:20:00', '2017-12-26 12:20:00'),
(49, 'et', 'Qui asperiores rerum dolorem incidunt.', '2017-12-26 12:20:00', '2017-12-26 12:20:00'),
(50, 'quidem', 'Accusantium et ad autem a.', '2017-12-26 12:20:00', '2017-12-26 12:20:00'),
(51, 'a', 'Nisi voluptatem voluptatem in labore doloremque et. Modi qui laboriosam odit explicabo et repellat.', '2017-12-26 12:20:00', '2017-12-26 12:20:00'),
(52, 'corporis', 'Minus repudiandae aut officia eius non quas ut.', '2017-12-26 12:20:00', '2017-12-26 12:20:00'),
(53, 'quo', 'Recusandae aliquid eius sit deserunt.', '2017-12-26 12:20:00', '2017-12-26 12:20:00'),
(54, 'fugit', 'Aut temporibus rerum ut totam temporibus. Eveniet numquam placeat ad itaque vero reiciendis et.', '2017-12-26 12:20:00', '2017-12-26 12:20:00'),
(55, 'voluptatibus', 'A velit libero eaque.', '2017-12-26 12:20:00', '2017-12-26 12:20:00'),
(56, 'natus', 'Aperiam suscipit ipsum quaerat eveniet suscipit dicta asperiores vel.', '2017-12-26 12:20:00', '2017-12-26 12:20:00'),
(57, 'dolorum', 'Tempore enim deleniti ut sunt laudantium fugiat qui molestias. Est repudiandae nulla voluptatum earum corrupti tempora sapiente.', '2017-12-26 12:20:00', '2017-12-26 12:20:00'),
(58, 'velit', 'Repudiandae quae voluptas vero.', '2017-12-26 12:20:00', '2017-12-26 12:20:00'),
(59, 'cumque', 'Optio ea qui unde ea.', '2017-12-26 12:20:00', '2017-12-26 12:20:00'),
(60, 'dolores', 'Et sapiente alias aut exercitationem qui expedita eos.', '2017-12-26 12:20:00', '2017-12-26 12:20:00'),
(61, 'et', 'Tempore id qui et exercitationem fugit et repellendus. Quia pariatur commodi cum porro facere qui laborum.', '2017-12-26 12:20:00', '2017-12-26 12:20:00'),
(62, 'quidem', 'Facilis est debitis totam hic consectetur.', '2017-12-26 12:20:00', '2017-12-26 12:20:00'),
(63, 'nobis', 'Possimus et dolores expedita vero.', '2017-12-26 12:20:00', '2017-12-26 12:20:00'),
(64, 'odio', 'Reiciendis quaerat ea autem enim nesciunt. Aperiam nostrum blanditiis natus rerum provident ea.', '2017-12-26 12:20:00', '2017-12-26 12:20:00'),
(65, 'optio', 'Non itaque et aut enim dolor iste ducimus dignissimos. Maxime voluptas exercitationem repellendus odit nisi ratione.', '2017-12-26 12:20:00', '2017-12-26 12:20:00'),
(66, 'totam', 'Delectus et quos non omnis repudiandae earum a. Voluptate totam numquam ipsa laborum sapiente labore id.', '2017-12-26 12:20:00', '2017-12-26 12:20:00'),
(67, 'nam', 'Ipsa perspiciatis error asperiores eum. Alias autem vitae ab consequatur voluptas sit.', '2017-12-26 12:20:00', '2017-12-26 12:20:00'),
(68, 'aut', 'Culpa nihil doloribus rem aut.', '2017-12-26 12:20:00', '2017-12-26 12:20:00'),
(69, 'voluptas', 'Animi maiores rerum ut dignissimos. Dolor debitis similique officiis aliquid quos est asperiores sunt.', '2017-12-26 12:20:00', '2017-12-26 12:20:00'),
(70, 'consequatur', 'Harum eos eum adipisci nihil.', '2017-12-26 12:20:00', '2017-12-26 12:20:00'),
(71, 'optio', 'Iusto similique atque laudantium doloremque veniam beatae. Omnis sed dolorem quaerat.', '2017-12-26 12:20:00', '2017-12-26 12:20:00'),
(72, 'quis', 'Mollitia aliquid sint magnam id ea architecto. Rem non impedit sit ea vitae sed non.', '2017-12-26 12:20:00', '2017-12-26 12:20:00'),
(73, 'laboriosam', 'Numquam qui fuga voluptatem quasi. Vitae eos quia aliquid minus nam eligendi perspiciatis.', '2017-12-26 12:20:00', '2017-12-26 12:20:00'),
(74, 'et', 'Deserunt assumenda omnis nesciunt tenetur asperiores.', '2017-12-26 12:20:00', '2017-12-26 12:20:00'),
(75, 'dolorem', 'Possimus praesentium voluptate molestias.', '2017-12-26 12:20:00', '2017-12-26 12:20:00'),
(76, 'sed', 'Illum impedit quisquam debitis eius adipisci sint quibusdam.', '2017-12-26 12:20:00', '2017-12-26 12:20:00'),
(77, 'odit', 'Quia omnis quo blanditiis minus at quas. Quos numquam velit incidunt nobis consequatur minus deserunt.', '2017-12-26 12:20:00', '2017-12-26 12:20:00'),
(78, 'vel', 'Quis tempore eligendi ex labore.', '2017-12-26 12:20:00', '2017-12-26 12:20:00'),
(79, 'eos', 'Explicabo vitae accusamus rerum numquam perferendis sapiente qui ut.', '2017-12-26 12:20:00', '2017-12-26 12:20:00'),
(80, 'voluptatum', 'Vero commodi id quaerat autem quidem et. Quisquam incidunt et at perferendis.', '2017-12-26 12:20:00', '2017-12-26 12:20:00'),
(81, 'veniam', 'Sit fugiat aspernatur et. Architecto autem id nesciunt blanditiis.', '2017-12-26 12:20:00', '2017-12-26 12:20:00'),
(82, 'molestias', 'Consequatur corrupti quia est quia tempora dolorem.', '2017-12-26 12:20:00', '2017-12-26 12:20:00'),
(83, 'ut', 'Ea sunt consequatur eos sunt est neque.', '2017-12-26 12:20:00', '2017-12-26 12:20:00'),
(84, 'inventore', 'Voluptatem modi est quia ipsam.', '2017-12-26 12:20:00', '2017-12-26 12:20:00'),
(85, 'quis', 'Iusto odio maxime velit sint.', '2017-12-26 12:20:00', '2017-12-26 12:20:00'),
(86, 'et', 'Rerum velit reprehenderit aut laudantium eius totam inventore est. Aliquam quam sit et ut vel.', '2017-12-26 12:20:00', '2017-12-26 12:20:00'),
(87, 'minima', 'Omnis veritatis distinctio maiores. Autem magni et commodi.', '2017-12-26 12:20:00', '2017-12-26 12:20:00'),
(88, 'soluta', 'Aspernatur ea facere molestiae dolor ut. Doloremque qui numquam expedita.', '2017-12-26 12:20:00', '2017-12-26 12:20:00'),
(89, 'accusantium', 'Neque dolorem hic aliquid sint numquam hic. Quis consequatur magnam ea molestiae error cupiditate accusamus modi.', '2017-12-26 12:20:00', '2017-12-26 12:20:00'),
(90, 'voluptatem', 'Eligendi fugit quod incidunt facilis. Praesentium unde beatae reprehenderit et.', '2017-12-26 12:20:00', '2017-12-26 12:20:00'),
(91, 'explicabo', 'Nemo nulla animi sit vel iure repellendus neque.', '2017-12-26 12:20:00', '2017-12-26 12:20:00'),
(92, 'vel', 'Voluptatem voluptatem repellendus rerum odit sequi earum libero.', '2017-12-26 12:20:00', '2017-12-26 12:20:00'),
(93, 'saepe', 'Voluptas dolor nisi ut nostrum eaque dolor.', '2017-12-26 12:20:00', '2017-12-26 12:20:00'),
(94, 'et', 'Asperiores aut fugit aut et quis quasi. Facere dicta distinctio fugit iusto blanditiis.', '2017-12-26 12:20:00', '2017-12-26 12:20:00'),
(95, 'incidunt', 'Rerum quis voluptatibus distinctio dolores non qui aut. Inventore hic molestiae velit consequuntur.', '2017-12-26 12:20:00', '2017-12-26 12:20:00'),
(96, 'ullam', 'Nam quod et incidunt accusamus pariatur vitae.', '2017-12-26 12:20:00', '2017-12-26 12:20:00'),
(97, 'et', 'Necessitatibus consequuntur et provident voluptatem id nulla. Culpa aliquam saepe nam.', '2017-12-26 12:20:00', '2017-12-26 12:20:00'),
(98, 'inventore', 'Quia nostrum et est numquam enim soluta esse.', '2017-12-26 12:20:00', '2017-12-26 12:20:00'),
(99, 'exercitationem', 'Vero omnis ut pariatur sint. Veniam molestias assumenda assumenda qui non sed et alias.', '2017-12-26 12:20:00', '2017-12-26 12:20:00'),
(100, 'illo', 'Dolore officiis rerum et ipsam necessitatibus accusamus maxime aut.', '2017-12-26 12:20:00', '2017-12-26 12:20:00'),
(101, 'laborum', 'Voluptatem quam quod aut neque enim.', '2017-12-26 12:20:00', '2017-12-26 12:20:00'),
(102, 'officiis', 'Enim dolorum aut molestiae nihil accusantium ut. Voluptatem autem ex sit quidem et saepe voluptas.', '2017-12-26 12:20:00', '2017-12-26 12:20:00'),
(103, 'dolor', 'Beatae consequuntur porro qui saepe labore eos qui qui. Sint qui sint sint deleniti animi.', '2017-12-26 12:20:00', '2017-12-26 12:20:00'),
(104, 'explicabo', 'Consequatur beatae non in dolore impedit.', '2017-12-26 12:20:00', '2017-12-26 12:20:00'),
(105, 'sapiente', 'Rem corrupti qui enim sed. Eos voluptatem exercitationem expedita veniam.', '2017-12-26 12:20:00', '2017-12-26 12:20:00'),
(106, 'recusandae', 'Dicta tempore nostrum non non qui occaecati consequatur. Mollitia et sed optio officia similique sint perspiciatis.', '2017-12-26 12:20:00', '2017-12-26 12:20:00'),
(107, 'rerum', 'Fugiat fuga facilis est consequatur est eligendi.', '2017-12-26 12:20:00', '2017-12-26 12:20:00'),
(108, 'vel', 'Dolore numquam itaque atque amet.', '2017-12-26 12:20:00', '2017-12-26 12:20:00'),
(109, 'deleniti', 'Quis quasi commodi optio enim expedita omnis illo.', '2017-12-26 12:20:00', '2017-12-26 12:20:00'),
(110, 'officiis', 'Saepe temporibus et nisi vero neque qui. Similique accusantium aut sit reiciendis saepe quidem.', '2017-12-26 12:20:00', '2017-12-26 12:20:00'),
(111, 'veritatis', 'Dicta tenetur neque nihil quod consequatur. Et numquam autem quia voluptatem.', '2017-12-26 12:20:00', '2017-12-26 12:20:00'),
(112, 'sed', 'Nulla sit ut autem rerum sed quidem autem quia. Rerum placeat eveniet nihil.', '2017-12-26 12:20:00', '2017-12-26 12:20:00'),
(113, 'aut', 'Rerum pariatur itaque in voluptatem dolore. Explicabo saepe incidunt cum debitis repellendus aspernatur.', '2017-12-26 12:20:00', '2017-12-26 12:20:00'),
(114, 'natus', 'Sit sit dolore dolor. Perspiciatis non explicabo cumque enim in.', '2017-12-26 12:20:00', '2017-12-26 12:20:00'),
(115, 'molestias', 'Iure dolorum dignissimos non quae sequi expedita harum.', '2017-12-26 12:20:00', '2017-12-26 12:20:00'),
(116, 'ut', 'Officiis id modi quia adipisci atque et quis officiis. Animi voluptatem perspiciatis pariatur ipsam nesciunt.', '2017-12-26 12:20:00', '2017-12-26 12:20:00'),
(117, 'unde', 'Velit commodi qui eum labore voluptas adipisci veniam.', '2017-12-26 12:20:00', '2017-12-26 12:20:00'),
(118, 'perferendis', 'Temporibus est eveniet et sint sint. Quia expedita ab tempora voluptatem.', '2017-12-26 12:20:00', '2017-12-26 12:20:00'),
(119, 'illum', 'Excepturi sunt maxime odio. Nobis maiores est eaque alias cupiditate.', '2017-12-26 12:20:00', '2017-12-26 12:20:00'),
(120, 'nam', 'Consequatur non esse non dignissimos quas impedit. Fugiat beatae commodi dolorem laboriosam aut dolores quas.', '2017-12-26 12:20:00', '2017-12-26 12:20:00'),
(121, 'quia', 'Ea amet porro expedita fuga quis.', '2017-12-26 12:20:00', '2017-12-26 12:20:00'),
(122, 'tempore', 'Explicabo ab praesentium ea id in aut.', '2017-12-26 12:20:00', '2017-12-26 12:20:00'),
(123, 'reprehenderit', 'Est iure ipsa voluptatum aliquid recusandae rem. Dignissimos vero magnam omnis iure qui ea eos.', '2017-12-26 12:20:00', '2017-12-26 12:20:00'),
(124, 'magnam', 'Fugit ea veritatis molestias ad.', '2017-12-26 12:20:00', '2017-12-26 12:20:00'),
(125, 'facere', 'Dicta aliquam ratione et nobis totam earum ut.', '2017-12-26 12:20:00', '2017-12-26 12:20:00'),
(126, 'dolores', 'Pariatur labore voluptatem rerum nihil omnis quas.', '2017-12-26 12:20:00', '2017-12-26 12:20:00'),
(127, 'non', 'Dolores dicta sunt tempore ullam repudiandae rerum. Voluptatem eos fugit rerum.', '2017-12-26 12:20:00', '2017-12-26 12:20:00'),
(128, 'repudiandae', 'Corporis et fugit libero voluptatem minus quo consectetur. Qui eum inventore et est reprehenderit maiores.', '2017-12-26 12:20:00', '2017-12-26 12:20:00'),
(129, 'unde', 'Sed temporibus et commodi soluta voluptatum atque deserunt.', '2017-12-26 12:20:00', '2017-12-26 12:20:00'),
(130, 'omnis', 'Tempore dolorem eum atque tempora cum quo voluptas.', '2017-12-26 12:20:00', '2017-12-26 12:20:00'),
(131, 'quasi', 'A doloremque quasi aliquam consectetur.', '2017-12-26 12:20:00', '2017-12-26 12:20:00'),
(132, 'in', 'Quae maiores nemo qui doloremque placeat tempora et.', '2017-12-26 12:20:00', '2017-12-26 12:20:00'),
(133, 'et', 'Omnis ipsum ea occaecati. Iusto excepturi ea laudantium reiciendis et.', '2017-12-26 12:20:00', '2017-12-26 12:20:00'),
(134, 'voluptatibus', 'Nemo asperiores dolor minus harum est.', '2017-12-26 12:20:00', '2017-12-26 12:20:00'),
(135, 'et', 'Sit aliquam ratione molestiae et. Voluptas rerum qui harum labore.', '2017-12-26 12:20:00', '2017-12-26 12:20:00'),
(136, 'esse', 'Doloribus omnis dicta eos eius.', '2017-12-26 12:20:00', '2017-12-26 12:20:00'),
(137, 'et', 'Expedita officiis ex ut porro dicta voluptate libero tempore. Et beatae labore qui et et laboriosam consectetur.', '2017-12-26 12:20:00', '2017-12-26 12:20:00'),
(138, 'rem', 'Modi necessitatibus quisquam occaecati labore enim. Omnis pariatur sint vel blanditiis nihil aliquam aut velit.', '2017-12-26 12:20:00', '2017-12-26 12:20:00'),
(139, 'dolores', 'Amet consequatur et error. Deleniti dolore ut fuga.', '2017-12-26 12:20:00', '2017-12-26 12:20:00'),
(140, 'assumenda', 'Veritatis aut earum possimus. Voluptas quasi provident dignissimos quaerat vel.', '2017-12-26 12:20:00', '2017-12-26 12:20:00'),
(141, 'cumque', 'Est architecto voluptatem optio ipsam.', '2017-12-26 12:20:00', '2017-12-26 12:20:00'),
(142, 'recusandae', 'Debitis omnis molestias rerum tempora et voluptatem eligendi.', '2017-12-26 12:20:00', '2017-12-26 12:20:00'),
(143, 'dolores', 'Corrupti ut dolorum ut tempora est velit necessitatibus.', '2017-12-26 12:20:00', '2017-12-26 12:20:00'),
(144, 'quisquam', 'Maiores earum exercitationem dolores quis laborum.', '2017-12-26 12:20:00', '2017-12-26 12:20:00'),
(145, 'et', 'Illo iure sint ex quia.', '2017-12-26 12:20:00', '2017-12-26 12:20:00'),
(146, 'aut', 'Animi velit sed alias tenetur et dolore. Commodi iusto culpa sapiente cumque in mollitia.', '2017-12-26 12:20:00', '2017-12-26 12:20:00'),
(147, 'optio', 'Magnam dolores placeat reiciendis et.', '2017-12-26 12:20:00', '2017-12-26 12:20:00'),
(148, 'dignissimos', 'Nihil ipsa rerum tenetur sit cum sed quaerat. Quia alias eius eum veritatis cumque illum voluptate.', '2017-12-26 12:20:00', '2017-12-26 12:20:00'),
(149, 'sed', 'Ducimus quis nulla excepturi voluptas cupiditate.', '2017-12-26 12:20:00', '2017-12-26 12:20:00'),
(150, 'dicta', 'Vitae occaecati ut voluptas sit.', '2017-12-26 12:20:00', '2017-12-26 12:20:00'),
(151, 'eligendi', 'Est enim error deserunt et sit suscipit eos et. Occaecati ea dolores cupiditate.', '2017-12-26 12:20:00', '2017-12-26 12:20:00'),
(152, 'sequi', 'Blanditiis aut nobis quod et.', '2017-12-26 12:20:00', '2017-12-26 12:20:00'),
(153, 'velit', 'Corrupti accusamus velit laboriosam at nobis ut. Omnis unde at mollitia nostrum sint at iste.', '2017-12-26 12:20:00', '2017-12-26 12:20:00'),
(154, 'consequatur', 'Iure assumenda et ut velit consectetur voluptas suscipit eum.', '2017-12-26 12:20:00', '2017-12-26 12:20:00'),
(155, 'odit', 'Deleniti magnam ut nulla quia magni et.', '2017-12-26 12:20:00', '2017-12-26 12:20:00'),
(156, 'reiciendis', 'Nesciunt laborum fugit magni dolorem excepturi et. Illo facilis eius quae et.', '2017-12-26 12:20:00', '2017-12-26 12:20:00'),
(157, 'eos', 'Accusantium excepturi eum omnis consequatur dolorum reprehenderit et. Qui ut asperiores corrupti.', '2017-12-26 12:20:00', '2017-12-26 12:20:00'),
(158, 'et', 'Unde fugit fuga et nobis numquam sunt consectetur neque.', '2017-12-26 12:20:00', '2017-12-26 12:20:00'),
(159, 'est', 'Quo hic nostrum pariatur laboriosam amet. Sapiente delectus earum ipsum occaecati officiis laudantium.', '2017-12-26 12:20:00', '2017-12-26 12:20:00'),
(160, 'modi', 'Qui aliquid saepe occaecati facilis illo fugiat culpa illo.', '2017-12-26 12:20:00', '2017-12-26 12:20:00'),
(161, 'esse', 'Quidem in cum fuga ut.', '2017-12-26 12:20:01', '2017-12-26 12:20:01'),
(162, 'sequi', 'Et tempora fuga ea iste quod magnam. Eum esse esse sunt neque aut iste pariatur quae.', '2017-12-26 12:20:01', '2017-12-26 12:20:01'),
(163, 'distinctio', 'Eveniet voluptatibus molestiae sed ipsum repellendus quo labore. Ut sed rerum dolorum dignissimos labore nihil perferendis veniam.', '2017-12-26 12:20:01', '2017-12-26 12:20:01'),
(164, 'ducimus', 'Ut dolores enim quidem rerum praesentium.', '2017-12-26 12:20:01', '2017-12-26 12:20:01'),
(165, 'optio', 'Distinctio inventore est sed quos. Nostrum in praesentium voluptates.', '2017-12-26 12:20:01', '2017-12-26 12:20:01'),
(166, 'repellat', 'Quia et natus voluptatem repellendus voluptatem. Sunt totam sapiente tempora neque a molestiae distinctio.', '2017-12-26 12:20:01', '2017-12-26 12:20:01'),
(167, 'esse', 'Dolorem et quis iste id vitae eos quisquam.', '2017-12-26 12:20:01', '2017-12-26 12:20:01'),
(168, 'necessitatibus', 'Molestiae sit adipisci et quam quis. Necessitatibus dolores ea eius ipsam.', '2017-12-26 12:20:01', '2017-12-26 12:20:01'),
(169, 'saepe', 'Voluptate maiores voluptatibus quam architecto. Illo hic quia mollitia.', '2017-12-26 12:20:01', '2017-12-26 12:20:01'),
(170, 'repellendus', 'Exercitationem ut ipsum sit ut et a ut impedit. Aut eos quia molestias maiores incidunt dolores.', '2017-12-26 12:20:01', '2017-12-26 12:20:01'),
(171, 'nam', 'Aliquam quia eveniet eum. Sunt similique similique sequi quos eius exercitationem quae blanditiis.', '2017-12-26 12:20:01', '2017-12-26 12:20:01'),
(172, 'perferendis', 'Culpa quis officia eligendi sed explicabo occaecati sit. Quia cupiditate sit vel velit commodi numquam et.', '2017-12-26 12:20:01', '2017-12-26 12:20:01'),
(173, 'distinctio', 'Ipsum magnam a omnis veritatis esse fuga voluptatibus est.', '2017-12-26 12:20:01', '2017-12-26 12:20:01'),
(174, 'numquam', 'Laborum similique odio dignissimos aut perspiciatis voluptatem. Eius officia quam optio tenetur quis magnam.', '2017-12-26 12:20:01', '2017-12-26 12:20:01'),
(175, 'at', 'Nulla similique eos illum fugit.', '2017-12-26 12:20:01', '2017-12-26 12:20:01'),
(176, 'fuga', 'Quidem sapiente consequatur nulla ipsa. Temporibus quis soluta ea quo aut enim.', '2017-12-26 12:20:01', '2017-12-26 12:20:01'),
(177, 'commodi', 'Cum voluptas sunt exercitationem et molestias. Dolorum qui at aliquam tempora corrupti illum tenetur praesentium.', '2017-12-26 12:20:01', '2017-12-26 12:20:01'),
(178, 'magnam', 'Officiis earum beatae repudiandae labore consequuntur quos omnis voluptatem. Ratione exercitationem sit est voluptas.', '2017-12-26 12:20:01', '2017-12-26 12:20:01'),
(179, 'eum', 'Aut reiciendis dolores dolorem quasi debitis a ut. Ut libero omnis et minima consectetur maxime iusto.', '2017-12-26 12:20:01', '2017-12-26 12:20:01'),
(180, 'excepturi', 'Qui voluptatem nulla laboriosam qui aut.', '2017-12-26 12:20:01', '2017-12-26 12:20:01'),
(181, 'cum', 'Molestiae ullam sit et perspiciatis cum quis sequi voluptates. Aut nihil tempore praesentium quasi amet et.', '2017-12-26 12:20:01', '2017-12-26 12:20:01'),
(182, 'vel', 'Hic in eos repellendus quia rem voluptatem quas.', '2017-12-26 12:20:01', '2017-12-26 12:20:01'),
(183, 'soluta', 'Sed esse et sequi aut ullam adipisci.', '2017-12-26 12:20:01', '2017-12-26 12:20:01'),
(184, 'id', 'Ipsam ad autem qui iure non quia. Culpa eveniet aut qui doloribus.', '2017-12-26 12:20:01', '2017-12-26 12:20:01'),
(185, 'architecto', 'Totam corporis a ut ullam a.', '2017-12-26 12:20:01', '2017-12-26 12:20:01'),
(186, 'dolor', 'Molestiae ut quo veritatis alias aut voluptates architecto.', '2017-12-26 12:20:01', '2017-12-26 12:20:01'),
(187, 'nisi', 'Eaque voluptas iusto error qui non quos sed.', '2017-12-26 12:20:01', '2017-12-26 12:20:01'),
(188, 'culpa', 'Pariatur est rerum modi praesentium ut.', '2017-12-26 12:20:01', '2017-12-26 12:20:01'),
(189, 'ullam', 'Totam laborum voluptates placeat quo eos sit.', '2017-12-26 12:20:01', '2017-12-26 12:20:01'),
(190, 'sed', 'Et aspernatur accusantium nulla ut distinctio sit.', '2017-12-26 12:20:01', '2017-12-26 12:20:01'),
(191, 'ut', 'Deleniti aut est nulla magnam assumenda est. Nihil ad totam culpa necessitatibus.', '2017-12-26 12:20:01', '2017-12-26 12:20:01'),
(192, 'esse', 'Aperiam amet dicta aut ex at dicta consequuntur. Sit enim deleniti aspernatur velit quas.', '2017-12-26 12:20:01', '2017-12-26 12:20:01'),
(193, 'voluptatem', 'Ut vel quia hic at nemo velit. Libero et beatae et harum autem nobis.', '2017-12-26 12:20:01', '2017-12-26 12:20:01'),
(194, 'harum', 'Blanditiis voluptatem odio ut aut. Eius minima excepturi labore architecto quas.', '2017-12-26 12:20:01', '2017-12-26 12:20:01'),
(195, 'vitae', 'Et enim quia necessitatibus sunt explicabo consequatur. Voluptas ea minima quidem officia ea.', '2017-12-26 12:20:01', '2017-12-26 12:20:01'),
(196, 'porro', 'Ullam delectus est voluptas deleniti dolorem.', '2017-12-26 12:20:01', '2017-12-26 12:20:01'),
(197, 'sint', 'Qui dignissimos et perspiciatis fugit est dolores.', '2017-12-26 12:20:01', '2017-12-26 12:20:01'),
(198, 'ut', 'Accusamus laborum voluptatem consequatur voluptas vero magni. Ut consectetur eum sint eius dolorum unde nemo ut.', '2017-12-26 12:20:01', '2017-12-26 12:20:01'),
(199, 'repellat', 'Est praesentium pariatur est nihil voluptas asperiores. Odit quisquam sit quod molestiae.', '2017-12-26 12:20:01', '2017-12-26 12:20:01'),
(200, 'voluptate', 'Fuga est aut eum ea itaque.', '2017-12-26 12:20:01', '2017-12-26 12:20:01'),
(201, 'expedita', 'Eum nobis rerum mollitia aut eaque esse.', '2017-12-26 12:20:01', '2017-12-26 12:20:01'),
(202, 'cupiditate', 'Perspiciatis magni quis veritatis quos. Hic praesentium voluptas id vero voluptas aliquid rem.', '2017-12-26 12:20:01', '2017-12-26 12:20:01'),
(203, 'nam', 'Dolorem non in vel nulla nihil veritatis iste.', '2017-12-26 12:20:01', '2017-12-26 12:20:01'),
(204, 'tempore', 'Quam ea ab quo laborum.', '2017-12-26 12:20:01', '2017-12-26 12:20:01'),
(205, 'repellat', 'Maiores ab et esse ab repudiandae ad sit.', '2017-12-26 12:20:01', '2017-12-26 12:20:01'),
(206, 'repellendus', 'Libero eveniet corrupti qui praesentium tempore voluptatem. Labore ipsa et laborum consequatur.', '2017-12-26 12:20:01', '2017-12-26 12:20:01'),
(207, 'eligendi', 'Maxime dolor blanditiis nesciunt illum aut perspiciatis saepe sunt.', '2017-12-26 12:20:01', '2017-12-26 12:20:01'),
(208, 'est', 'Dolore vitae est fuga odit impedit voluptatem. Numquam et omnis amet eaque neque quia animi.', '2017-12-26 12:20:01', '2017-12-26 12:20:01'),
(209, 'sit', 'Sit consequatur maxime eum dolores rem.', '2017-12-26 12:20:01', '2017-12-26 12:20:01'),
(210, 'tempore', 'Quia eveniet quas est beatae molestiae.', '2017-12-26 12:20:01', '2017-12-26 12:20:01'),
(211, 'enim', 'Quis aut adipisci ea velit sed voluptas. Cum non sint magnam omnis deleniti.', '2017-12-26 12:20:01', '2017-12-26 12:20:01'),
(212, 'perferendis', 'Itaque aut dolore et nemo non labore veritatis alias. Quas et nulla quibusdam debitis dolores possimus optio.', '2017-12-26 12:20:01', '2017-12-26 12:20:01'),
(213, 'tenetur', 'Excepturi incidunt suscipit corrupti ea repellendus ut odio. Velit quis culpa qui voluptatem ipsum.', '2017-12-26 12:20:01', '2017-12-26 12:20:01'),
(214, 'repellat', 'Laborum tenetur a voluptatum. Deserunt laborum fuga aut hic.', '2017-12-26 12:20:01', '2017-12-26 12:20:01'),
(215, 'voluptas', 'Reprehenderit reprehenderit voluptatem aut nostrum quaerat officia aut. Repellat quos maiores id fugiat illum excepturi.', '2017-12-26 12:20:01', '2017-12-26 12:20:01'),
(216, 'dicta', 'Necessitatibus quia amet beatae corrupti autem harum aliquam nihil.', '2017-12-26 12:20:01', '2017-12-26 12:20:01'),
(217, 'quo', 'Similique repellendus aut consequatur. Sunt nulla neque voluptate tempore.', '2017-12-26 12:20:01', '2017-12-26 12:20:01'),
(218, 'occaecati', 'Ut ad tenetur error qui qui.', '2017-12-26 12:20:01', '2017-12-26 12:20:01'),
(219, 'ex', 'Delectus officiis eveniet dolor. Error est sit quia est dolorem qui velit qui.', '2017-12-26 12:20:01', '2017-12-26 12:20:01'),
(220, 'harum', 'Voluptas harum quo ex aut.', '2017-12-26 12:20:01', '2017-12-26 12:20:01'),
(221, 'et', 'Voluptas ut similique totam et tempora ipsum.', '2017-12-26 12:20:01', '2017-12-26 12:20:01'),
(222, 'perferendis', 'Nihil exercitationem qui repellendus sequi molestiae. Rerum laborum quia iste sed qui aut.', '2017-12-26 12:20:01', '2017-12-26 12:20:01'),
(223, 'sed', 'Enim qui explicabo placeat maxime.', '2017-12-26 12:20:01', '2017-12-26 12:20:01'),
(224, 'natus', 'Omnis qui odio nisi modi eos. Autem sit laboriosam ipsam et cumque fuga qui.', '2017-12-26 12:20:01', '2017-12-26 12:20:01'),
(225, 'aliquam', 'Nisi eveniet ducimus et velit sint excepturi enim. Hic quo soluta numquam sequi reiciendis enim molestias quibusdam.', '2017-12-26 12:20:01', '2017-12-26 12:20:01'),
(226, 'accusantium', 'Est iusto aliquid quo autem incidunt quis mollitia.', '2017-12-26 12:20:01', '2017-12-26 12:20:01'),
(227, 'est', 'Numquam consequatur quia repellat est quam accusantium eaque. Et sit a maxime quidem perspiciatis.', '2017-12-26 12:20:01', '2017-12-26 12:20:01'),
(228, 'non', 'Ratione voluptatum numquam sunt sequi qui. Earum quaerat tenetur ut alias eum voluptatem minus praesentium.', '2017-12-26 12:20:01', '2017-12-26 12:20:01'),
(229, 'quo', 'Ipsa assumenda optio praesentium consequuntur. Rerum nihil nihil alias necessitatibus id ut.', '2017-12-26 12:20:01', '2017-12-26 12:20:01'),
(230, 'distinctio', 'Nemo sed qui ea necessitatibus modi. Saepe voluptatem vitae distinctio ut eius.', '2017-12-26 12:20:01', '2017-12-26 12:20:01'),
(231, 'similique', 'Hic quibusdam blanditiis animi voluptatem id.', '2017-12-26 12:20:01', '2017-12-26 12:20:01'),
(232, 'consequatur', 'Ducimus doloremque doloribus dolores a est omnis dolor. Illo velit et ut incidunt perferendis iure repellendus autem.', '2017-12-26 12:20:01', '2017-12-26 12:20:01'),
(233, 'delectus', 'Qui quis consequatur optio velit quidem unde dolor. Inventore autem vel repudiandae modi est non rerum.', '2017-12-26 12:20:01', '2017-12-26 12:20:01'),
(234, 'maxime', 'Officiis soluta totam autem porro.', '2017-12-26 12:20:01', '2017-12-26 12:20:01'),
(235, 'iure', 'Dolore ea non esse fugit quos numquam eius quisquam. Voluptas earum laudantium sit aut optio occaecati enim.', '2017-12-26 12:20:01', '2017-12-26 12:20:01'),
(236, 'neque', 'Voluptas perferendis voluptatem nesciunt quas non.', '2017-12-26 12:20:01', '2017-12-26 12:20:01'),
(237, 'aut', 'Cum provident inventore qui eius quidem.', '2017-12-26 12:20:01', '2017-12-26 12:20:01'),
(238, 'voluptatem', 'Deleniti saepe est ratione placeat dicta fuga.', '2017-12-26 12:20:01', '2017-12-26 12:20:01'),
(239, 'illo', 'Consequatur sed ut dolor sequi.', '2017-12-26 12:20:01', '2017-12-26 12:20:01'),
(240, 'sit', 'Voluptate tempore delectus repellendus praesentium in quibusdam.', '2017-12-26 12:20:01', '2017-12-26 12:20:01'),
(241, 'atque', 'Autem in officiis exercitationem voluptatibus molestiae ut.', '2017-12-26 12:20:01', '2017-12-26 12:20:01'),
(242, 'tempora', 'In nulla error vero nisi quae nostrum architecto consequatur.', '2017-12-26 12:20:01', '2017-12-26 12:20:01'),
(243, 'eveniet', 'Iure rerum dolorem ipsum et.', '2017-12-26 12:20:01', '2017-12-26 12:20:01'),
(244, 'sit', 'Sit consequatur laboriosam et suscipit ducimus. Et totam assumenda minima soluta accusamus in sed ut.', '2017-12-26 12:20:01', '2017-12-26 12:20:01'),
(245, 'et', 'Dolorum natus voluptatum sed ipsa dolorum repudiandae.', '2017-12-26 12:20:01', '2017-12-26 12:20:01'),
(246, 'quis', 'Neque exercitationem doloremque expedita similique cum soluta cum iste.', '2017-12-26 12:20:01', '2017-12-26 12:20:01'),
(247, 'accusamus', 'Voluptas veniam sint incidunt dolores dicta ipsam ut. Sit perferendis cupiditate id sed dolorem.', '2017-12-26 12:20:01', '2017-12-26 12:20:01'),
(248, 'esse', 'Eos ut nobis et laudantium. Aut eum minima ut saepe.', '2017-12-26 12:20:01', '2017-12-26 12:20:01'),
(249, 'illo', 'Suscipit ducimus vitae id iusto tempora sed corporis. Perferendis necessitatibus nesciunt voluptas voluptatum veritatis.', '2017-12-26 12:20:01', '2017-12-26 12:20:01'),
(250, 'aut', 'Repudiandae nobis ut non numquam tempore asperiores necessitatibus magni.', '2017-12-26 12:20:01', '2017-12-26 12:20:01'),
(251, 'molestiae', 'Tempore consequatur rerum doloribus porro quibusdam est.', '2017-12-26 12:20:01', '2017-12-26 12:20:01'),
(252, 'inventore', 'Voluptas in accusantium quia voluptatibus. Et deserunt eius esse tempora velit incidunt.', '2017-12-26 12:20:01', '2017-12-26 12:20:01'),
(253, 'molestiae', 'Officia ab rerum et sequi fuga voluptatibus itaque neque.', '2017-12-26 12:20:01', '2017-12-26 12:20:01'),
(254, 'inventore', 'Aliquam corrupti enim repellat et repudiandae. Voluptas dolores at non aliquam qui.', '2017-12-26 12:20:01', '2017-12-26 12:20:01'),
(255, 'qui', 'Id harum consequatur nostrum ipsam earum.', '2017-12-26 12:20:01', '2017-12-26 12:20:01'),
(256, 'a', 'Et quis voluptatem aut.', '2017-12-26 12:20:01', '2017-12-26 12:20:01'),
(257, 'consequuntur', 'Beatae fugiat reprehenderit fugit ut necessitatibus odio.', '2017-12-26 12:20:01', '2017-12-26 12:20:01'),
(258, 'voluptatum', 'At odio voluptatem est quaerat cumque sunt animi. Et architecto fugit ab laudantium voluptate ut ut.', '2017-12-26 12:20:01', '2017-12-26 12:20:01'),
(259, 'voluptatem', 'Cupiditate cum ut animi porro at repellendus accusantium consequatur. Autem maiores consectetur ut expedita.', '2017-12-26 12:20:01', '2017-12-26 12:20:01'),
(260, 'aliquam', 'Est praesentium nobis ea.', '2017-12-26 12:20:01', '2017-12-26 12:20:01'),
(261, 'aut', 'Excepturi maxime voluptas numquam praesentium. Ea quia id laudantium vitae.', '2017-12-26 12:20:01', '2017-12-26 12:20:01'),
(262, 'id', 'Voluptatem qui error assumenda molestias quos odio rerum.', '2017-12-26 12:20:01', '2017-12-26 12:20:01'),
(263, 'nihil', 'Deserunt vel voluptas iusto est soluta quo.', '2017-12-26 12:20:01', '2017-12-26 12:20:01'),
(264, 'voluptas', 'Laudantium cum soluta ut nulla qui animi aperiam.', '2017-12-26 12:20:01', '2017-12-26 12:20:01'),
(265, 'fugit', 'Et et exercitationem voluptas animi cum dignissimos. Tempora quo nostrum qui itaque repellat repellendus maiores.', '2017-12-26 12:20:01', '2017-12-26 12:20:01'),
(266, 'voluptatibus', 'Autem aliquam est temporibus a.', '2017-12-26 12:20:01', '2017-12-26 12:20:01'),
(267, 'enim', 'Qui beatae autem nihil quae quo.', '2017-12-26 12:20:01', '2017-12-26 12:20:01'),
(268, 'dolore', 'Possimus magnam non sed sunt molestiae sint quos.', '2017-12-26 12:20:01', '2017-12-26 12:20:01'),
(269, 'praesentium', 'Aliquam et aut ut eos rerum.', '2017-12-26 12:20:01', '2017-12-26 12:20:01'),
(270, 'optio', 'Ut consequatur qui et suscipit.', '2017-12-26 12:20:01', '2017-12-26 12:20:01'),
(271, 'in', 'Consequuntur ipsum earum qui unde.', '2017-12-26 12:20:01', '2017-12-26 12:20:01'),
(272, 'maiores', 'Corporis qui et est et expedita ut in.', '2017-12-26 12:20:01', '2017-12-26 12:20:01'),
(273, 'error', 'Ut laudantium et nemo in dicta sed voluptate. Dolorum non odit in animi voluptates ut a.', '2017-12-26 12:20:01', '2017-12-26 12:20:01'),
(274, 'eum', 'Excepturi sunt aut voluptate sed excepturi. Explicabo itaque incidunt sunt odit mollitia est qui.', '2017-12-26 12:20:01', '2017-12-26 12:20:01'),
(275, 'quia', 'Illo perferendis eaque minus facere perspiciatis beatae.', '2017-12-26 12:20:01', '2017-12-26 12:20:01'),
(276, 'fugiat', 'Ipsa delectus fugiat accusamus qui.', '2017-12-26 12:20:01', '2017-12-26 12:20:01'),
(277, 'quo', 'Est minima perspiciatis nam inventore magnam. Totam maiores eveniet quo facere enim qui sit inventore.', '2017-12-26 12:20:01', '2017-12-26 12:20:01'),
(278, 'id', 'Nemo voluptas sunt praesentium amet quia autem accusamus.', '2017-12-26 12:20:01', '2017-12-26 12:20:01'),
(279, 'aut', 'Est iure omnis tempora sit soluta. Ut iste sequi eius quis et nemo.', '2017-12-26 12:20:01', '2017-12-26 12:20:01'),
(280, 'ea', 'Sequi consequuntur voluptatem et optio. Aut provident sed non magni consequatur.', '2017-12-26 12:20:01', '2017-12-26 12:20:01'),
(281, 'sunt', 'Ullam in doloremque commodi saepe cumque. Cumque vel quasi doloremque et a.', '2017-12-26 12:20:01', '2017-12-26 12:20:01'),
(282, 'unde', 'Neque quis veritatis qui.', '2017-12-26 12:20:01', '2017-12-26 12:20:01'),
(283, 'inventore', 'Enim sit est ea neque quibusdam modi praesentium.', '2017-12-26 12:20:01', '2017-12-26 12:20:01'),
(284, 'hic', 'Quisquam architecto et ipsum delectus aut odio nesciunt.', '2017-12-26 12:20:01', '2017-12-26 12:20:01'),
(285, 'laboriosam', 'Omnis quo deleniti architecto vel voluptatem.', '2017-12-26 12:20:01', '2017-12-26 12:20:01'),
(286, 'libero', 'Voluptates dolores dolorem voluptate. Laborum cupiditate sed praesentium expedita et ut.', '2017-12-26 12:20:01', '2017-12-26 12:20:01'),
(287, 'sapiente', 'Reprehenderit nostrum nulla dolor quae et quia.', '2017-12-26 12:20:01', '2017-12-26 12:20:01'),
(288, 'voluptatibus', 'Qui aut vel excepturi ipsam aut aut. Esse quia non aliquam sed sed eveniet nihil expedita.', '2017-12-26 12:20:01', '2017-12-26 12:20:01'),
(289, 'velit', 'Non commodi placeat officiis magni dolor fugit. Mollitia ipsum repellendus quia vitae ex corporis.', '2017-12-26 12:20:01', '2017-12-26 12:20:01'),
(290, 'autem', 'Recusandae aut dolores neque delectus quia ipsum porro.', '2017-12-26 12:20:01', '2017-12-26 12:20:01'),
(291, 'ea', 'Laborum molestiae consequatur molestiae laudantium.', '2017-12-26 12:20:01', '2017-12-26 12:20:01'),
(292, 'amet', 'Expedita explicabo et neque dolores cum id.', '2017-12-26 12:20:01', '2017-12-26 12:20:01'),
(293, 'accusantium', 'Quidem occaecati nam explicabo rerum.', '2017-12-26 12:20:01', '2017-12-26 12:20:01'),
(294, 'alias', 'Tenetur eaque a temporibus eos nobis.', '2017-12-26 12:20:01', '2017-12-26 12:20:01'),
(295, 'veritatis', 'Aut sint sapiente qui suscipit atque. Velit nisi unde rerum iste.', '2017-12-26 12:20:01', '2017-12-26 12:20:01'),
(296, 'sed', 'Magnam voluptas voluptatibus cum est repudiandae minima ea. Non ab fuga possimus recusandae at qui qui cumque.', '2017-12-26 12:20:01', '2017-12-26 12:20:01'),
(297, 'sequi', 'Repudiandae voluptatem voluptatum nemo veritatis odio tenetur nihil. Rem porro odit quia sed ratione et.', '2017-12-26 12:20:01', '2017-12-26 12:20:01'),
(298, 'asperiores', 'Atque fugit distinctio sint perspiciatis tempora dolores. Nobis qui magnam sequi quod quos expedita et.', '2017-12-26 12:20:01', '2017-12-26 12:20:01'),
(299, 'explicabo', 'Quo nihil nulla dolorum consequatur nostrum.', '2017-12-26 12:20:01', '2017-12-26 12:20:01'),
(300, 'ab', 'Illum quam laborum consequuntur impedit consequatur.', '2017-12-26 12:20:01', '2017-12-26 12:20:01');

-- --------------------------------------------------------

--
-- Table structure for table `category_product`
--

CREATE TABLE `category_product` (
  `category_id` int(10) UNSIGNED NOT NULL,
  `product_id` int(10) UNSIGNED NOT NULL
) ENGINE=InnoDB DEFAULT CHARSET=utf8mb4;

--
-- Dumping data for table `category_product`
--

INSERT INTO `category_product` (`category_id`, `product_id`) VALUES
(1, 2),
(2, 4),
(3, 7),
(1, 4),
(1, 8),
(1, 11),
(2, 20),
(10, 4),
(20, 8),
(12, 21),
(7, 10);

-- --------------------------------------------------------

--
-- Table structure for table `migrations`
--

CREATE TABLE `migrations` (
  `id` int(10) UNSIGNED NOT NULL,
  `migration` varchar(255) NOT NULL,
  `batch` int(11) NOT NULL
) ENGINE=InnoDB DEFAULT CHARSET=utf8mb4;

--
-- Dumping data for table `migrations`
--

INSERT INTO `migrations` (`id`, `migration`, `batch`) VALUES
(31, '2014_10_12_000000_create_users_table', 1),
(32, '2014_10_12_100000_create_password_resets_table', 1),
(33, '2017_12_26_020041_create_categories_table', 1),
(34, '2017_12_26_020051_create_products_table', 1),
(35, '2017_12_26_020101_create_transactions_table', 1),
(36, '2017_12_26_030309_category_product_table', 1);

-- --------------------------------------------------------

--
-- Table structure for table `password_resets`
--

CREATE TABLE `password_resets` (
  `email` varchar(255) NOT NULL,
  `token` varchar(255) NOT NULL,
  `created_at` timestamp NULL DEFAULT NULL
) ENGINE=InnoDB DEFAULT CHARSET=utf8mb4;

-- --------------------------------------------------------

--
-- Table structure for table `products`
--

CREATE TABLE `products` (
  `id` int(10) UNSIGNED NOT NULL,
  `name` varchar(255) NOT NULL,
  `description` varchar(1000) NOT NULL,
  `quantity` int(10) UNSIGNED NOT NULL,
  `status` varchar(255) NOT NULL DEFAULT 'unavailable',
  `image` varchar(255) NOT NULL,
  `seller_id` int(10) UNSIGNED NOT NULL,
  `created_at` timestamp NULL DEFAULT NULL,
  `updated_at` timestamp NULL DEFAULT NULL
) ENGINE=InnoDB DEFAULT CHARSET=utf8mb4;

--
-- Dumping data for table `products`
--

INSERT INTO `products` (`id`, `name`, `description`, `quantity`, `status`, `image`, `seller_id`, `created_at`, `updated_at`) VALUES
(1, 'impedit', 'Aut minima quibusdam est architecto dolorem autem architecto.', 5, 'unavailable', '4.png', 39, '2017-12-26 12:19:47', '2017-12-26 12:19:47'),
(2, 'qui', 'Qui dolor nostrum consequatur. Odio omnis consequuntur omnis nihil non optio eligendi.', 4, 'unavailable', '3.png', 24, '2017-12-26 12:19:47', '2017-12-26 12:19:47'),
(3, 'a', 'Et eum aspernatur eos qui.', 2, 'unavailable', '3.png', 1, '2017-12-26 12:19:47', '2017-12-26 12:19:47'),
(4, 'et', 'Omnis esse distinctio impedit minima. Nesciunt accusamus quis magnam.', 7, 'unavailable', '2.png', 34, '2017-12-26 12:19:47', '2017-12-26 12:19:47'),
(5, 'doloremque', 'Nisi maxime omnis enim doloribus omnis. Consequatur eaque aliquam praesentium voluptate aspernatur.', 7, 'available', '1.png', 17, '2017-12-26 12:19:47', '2017-12-26 12:19:47'),
(6, 'quisquam', 'Mollitia officiis placeat doloribus quia et et. Eligendi nisi quo repellat nisi sed iure.', 3, 'unavailable', '4.png', 12, '2017-12-26 12:19:47', '2017-12-26 12:19:47'),
(7, 'molestias', 'Sit explicabo molestiae inventore occaecati.', 2, 'available', '2.png', 49, '2017-12-26 12:19:47', '2017-12-26 12:19:47'),
(8, 'qui', 'Reprehenderit nihil et accusantium et cumque eligendi facere. Ea consequatur quis fugiat modi alias quia omnis et.', 3, 'available', '3.png', 35, '2017-12-26 12:19:47', '2017-12-26 12:19:47'),
(9, 'ipsum', 'Aperiam adipisci beatae sunt sapiente ipsam. Quia atque modi veritatis numquam error.', 10, 'unavailable', '2.png', 32, '2017-12-26 12:19:47', '2017-12-26 12:19:47'),
(10, 'amet', 'Expedita aperiam sunt voluptas cum repellat animi saepe.', 4, 'available', '3.png', 1, '2017-12-26 12:19:47', '2017-12-26 12:19:47'),
(11, 'culpa', 'Distinctio vero qui adipisci rerum in molestias et. Repudiandae quia tenetur in neque.', 4, 'unavailable', '4.png', 2, '2017-12-26 12:19:47', '2017-12-26 12:19:47'),
(12, 'nobis', 'Dignissimos sunt aliquam dolorum voluptas necessitatibus est.', 1, 'available', '1.png', 18, '2017-12-26 12:19:47', '2017-12-26 12:19:47'),
(13, 'sequi', 'Vitae labore qui sed quod. Impedit enim temporibus ad sunt et aperiam.', 3, 'unavailable', '1.png', 47, '2017-12-26 12:19:47', '2017-12-26 12:19:47'),
(14, 'eligendi', 'Magnam nihil qui et sunt sequi magnam. Ipsam est quisquam nesciunt qui.', 8, 'unavailable', '2.png', 21, '2017-12-26 12:19:47', '2017-12-26 12:19:47'),
(15, 'qui', 'Et quasi pariatur aut. Sapiente est nostrum repudiandae ullam omnis laudantium nihil.', 5, 'unavailable', '2.png', 34, '2017-12-26 12:19:47', '2017-12-26 12:19:47'),
(16, 'qui', 'Dolor laborum atque pariatur. Deleniti voluptatem omnis itaque fugiat aperiam minima et.', 10, 'unavailable', '3.png', 34, '2017-12-26 12:19:47', '2017-12-26 12:19:47'),
(17, 'ea', 'Et iste quas ut provident expedita numquam et.', 3, 'available', '2.png', 9, '2017-12-26 12:19:47', '2017-12-26 12:19:47'),
(18, 'eveniet', 'Et eius et aut aut illo.', 3, 'unavailable', '4.png', 6, '2017-12-26 12:19:47', '2017-12-26 12:19:47'),
(19, 'sint', 'Ducimus hic alias reprehenderit totam aliquam nobis est. Modi sed sed doloribus aut aut.', 7, 'unavailable', '2.png', 8, '2017-12-26 12:19:47', '2017-12-26 12:19:47'),
(20, 'corporis', 'Eius nesciunt officiis et incidunt enim voluptatum velit.', 3, 'unavailable', '4.png', 21, '2017-12-26 12:19:47', '2017-12-26 12:19:47'),
(21, 'consequatur', 'Corrupti ut voluptas accusantium maxime libero.', 3, 'unavailable', '3.png', 11, '2017-12-26 12:19:47', '2017-12-26 12:19:47'),
(22, 'consequuntur', 'Quos odit magnam aut fuga ex.', 9, 'available', '1.png', 23, '2017-12-26 12:19:47', '2017-12-26 12:19:47'),
(23, 'harum', 'Minus id sed qui ipsam velit explicabo. Ut labore hic temporibus aspernatur.', 9, 'unavailable', '1.png', 42, '2017-12-26 12:19:47', '2017-12-26 12:19:47'),
(24, 'minus', 'Est illo blanditiis voluptas nulla corporis sit a.', 9, 'unavailable', '3.png', 9, '2017-12-26 12:19:47', '2017-12-26 12:19:47'),
(25, 'ea', 'Ducimus alias distinctio tempore repellat.', 3, 'unavailable', '3.png', 39, '2017-12-26 12:19:47', '2017-12-26 12:19:47'),
(26, 'eveniet', 'Qui iusto et doloribus repellendus voluptatum.', 1, 'unavailable', '2.png', 27, '2017-12-26 12:19:47', '2017-12-26 12:19:47'),
(27, 'est', 'Nihil laboriosam enim omnis corporis amet voluptas.', 6, 'unavailable', '4.png', 10, '2017-12-26 12:19:47', '2017-12-26 12:19:47'),
(28, 'optio', 'Molestias aut magni ipsam iste et recusandae et. Adipisci dolores excepturi id adipisci.', 1, 'available', '4.png', 16, '2017-12-26 12:19:47', '2017-12-26 12:19:47'),
(29, 'quibusdam', 'Accusantium amet facilis et voluptatem. Enim accusantium delectus sit enim non et eveniet.', 1, 'unavailable', '1.png', 41, '2017-12-26 12:19:47', '2017-12-26 12:19:47'),
(30, 'eligendi', 'Et enim saepe vitae a et et.', 6, 'available', '2.png', 10, '2017-12-26 12:19:47', '2017-12-26 12:19:47'),
(31, 'vel', 'Excepturi ab qui nobis error.', 5, 'available', '2.png', 28, '2017-12-26 12:19:47', '2017-12-26 12:19:47'),
(32, 'architecto', 'Ad quia beatae fugit aut non. Eum nulla iusto repudiandae fugit quia similique necessitatibus.', 4, 'unavailable', '3.png', 42, '2017-12-26 12:19:47', '2017-12-26 12:19:47'),
(33, 'dolore', 'Totam nihil doloribus aliquam laudantium voluptatum. Cum eligendi eum commodi rerum dolorum sit sit.', 9, 'unavailable', '3.png', 29, '2017-12-26 12:19:47', '2017-12-26 12:19:47'),
(34, 'est', 'Nihil nihil numquam aut. Ipsa quia eos voluptas est accusantium.', 1, 'unavailable', '1.png', 35, '2017-12-26 12:19:47', '2017-12-26 12:19:47'),
(35, 'ut', 'Enim dolor illum eaque aut cupiditate inventore. Et modi aliquam eveniet ex sint nesciunt.', 5, 'available', '2.png', 47, '2017-12-26 12:19:47', '2017-12-26 12:19:47'),
(36, 'et', 'Rerum harum exercitationem commodi nostrum sunt rem. Occaecati beatae corporis magni in quis.', 8, 'available', '2.png', 8, '2017-12-26 12:19:47', '2017-12-26 12:19:47'),
(37, 'nulla', 'Vero et eos sed fugiat dolores aliquid quasi vitae. Modi nam quam occaecati repellendus sed.', 5, 'available', '1.png', 21, '2017-12-26 12:19:47', '2017-12-26 12:19:47'),
(38, 'voluptatem', 'Esse dolorem velit ex est ullam ex ad. Est reprehenderit eos laboriosam.', 8, 'unavailable', '4.png', 46, '2017-12-26 12:19:47', '2017-12-26 12:19:47'),
(39, 'voluptatum', 'Similique corporis fuga tenetur odit maiores ea dolorem quia.', 7, 'available', '3.png', 15, '2017-12-26 12:19:47', '2017-12-26 12:19:47'),
(40, 'eum', 'Explicabo eaque non quod qui reiciendis aspernatur eum.', 1, 'unavailable', '4.png', 21, '2017-12-26 12:19:47', '2017-12-26 12:19:47'),
(41, 'voluptas', 'Molestiae sit amet officiis unde.', 10, 'unavailable', '1.png', 22, '2017-12-26 12:19:47', '2017-12-26 12:19:47'),
(42, 'sunt', 'Modi consequuntur sed veniam fugiat.', 2, 'unavailable', '2.png', 11, '2017-12-26 12:19:47', '2017-12-26 12:19:47'),
(43, 'ducimus', 'Id consequatur odit nihil sint ut.', 9, 'unavailable', '2.png', 24, '2017-12-26 12:19:47', '2017-12-26 12:19:47'),
(44, 'sunt', 'Neque commodi quibusdam numquam illum.', 7, 'available', '4.png', 39, '2017-12-26 12:19:47', '2017-12-26 12:19:47'),
(45, 'consequuntur', 'Molestias corporis eaque dolores fuga. Fugit perspiciatis sint veritatis.', 6, 'available', '1.png', 21, '2017-12-26 12:19:47', '2017-12-26 12:19:47'),
(46, 'ut', 'Qui expedita numquam dolorum qui incidunt voluptatem. Modi mollitia aut aliquam at adipisci vitae.', 8, 'unavailable', '4.png', 18, '2017-12-26 12:19:47', '2017-12-26 12:19:47'),
(47, 'minus', 'Eius sed autem veniam qui corrupti.', 7, 'available', '2.png', 21, '2017-12-26 12:19:47', '2017-12-26 12:19:47'),
(48, 'aut', 'Laborum corporis voluptas nemo illo.', 6, 'available', '3.png', 38, '2017-12-26 12:19:47', '2017-12-26 12:19:47'),
(49, 'ratione', 'Id eius tempora dicta et. Dicta quae recusandae sed quia vitae.', 5, 'available', '4.png', 37, '2017-12-26 12:19:47', '2017-12-26 12:19:47'),
(50, 'nemo', 'Quia nemo dolor nam quidem error facere.', 1, 'unavailable', '3.png', 36, '2017-12-26 12:19:47', '2017-12-26 12:19:47'),
(51, 'vero', 'Eum aut officia asperiores et reiciendis quisquam at suscipit. Velit excepturi provident sapiente saepe aspernatur laborum.', 7, 'unavailable', '4.png', 25, '2017-12-26 12:19:47', '2017-12-26 12:19:47'),
(52, 'natus', 'Laborum quos tempora cupiditate eveniet.', 9, 'available', '3.png', 21, '2017-12-26 12:19:47', '2017-12-26 12:19:47'),
(53, 'in', 'Perferendis et at saepe perferendis. Delectus cum vitae eum est voluptatem consequatur.', 4, 'available', '3.png', 6, '2017-12-26 12:19:47', '2017-12-26 12:19:47'),
(54, 'tenetur', 'Temporibus laborum qui impedit ipsum reiciendis est. Sit nam aut non ut perferendis aut.', 4, 'available', '1.png', 28, '2017-12-26 12:19:47', '2017-12-26 12:19:47'),
(55, 'quia', 'Maiores saepe ut mollitia ut labore. Eligendi reprehenderit nostrum eos ipsa soluta amet animi ipsum.', 9, 'unavailable', '1.png', 3, '2017-12-26 12:19:47', '2017-12-26 12:19:47'),
(56, 'voluptatem', 'Deserunt amet eius aut et.', 10, 'unavailable', '2.png', 14, '2017-12-26 12:19:47', '2017-12-26 12:19:47'),
(57, 'hic', 'Officia unde praesentium eos aut. Possimus nesciunt laudantium consequuntur in consectetur dolores.', 3, 'unavailable', '4.png', 44, '2017-12-26 12:19:47', '2017-12-26 12:19:47'),
(58, 'et', 'Commodi fugiat ab quae reprehenderit assumenda. Velit voluptates et sit quia facere debitis.', 3, 'available', '4.png', 21, '2017-12-26 12:19:47', '2017-12-26 12:19:47'),
(59, 'tenetur', 'Temporibus officia dignissimos suscipit voluptatem nisi hic.', 8, 'unavailable', '1.png', 35, '2017-12-26 12:19:47', '2017-12-26 12:19:47'),
(60, 'possimus', 'Sit fugit itaque et harum voluptatem a. Corrupti illo ullam omnis qui est.', 10, 'unavailable', '3.png', 16, '2017-12-26 12:19:47', '2017-12-26 12:19:47'),
(61, 'non', 'Porro expedita qui ex molestiae. Sit molestias quia ab vero exercitationem dicta qui culpa.', 8, 'available', '3.png', 16, '2017-12-26 12:19:48', '2017-12-26 12:19:48'),
(62, 'necessitatibus', 'Et magnam ad ut vero modi et ipsam. Ut numquam sunt cupiditate ad dicta.', 6, 'unavailable', '2.png', 4, '2017-12-26 12:19:48', '2017-12-26 12:19:48'),
(63, 'quo', 'Omnis explicabo vel dolores ut facilis quia. Commodi sapiente veritatis dolor et qui ut dolores.', 2, 'available', '3.png', 42, '2017-12-26 12:19:48', '2017-12-26 12:19:48'),
(64, 'inventore', 'Non voluptas omnis nihil quis. Facere tenetur ad nulla hic enim.', 5, 'unavailable', '1.png', 38, '2017-12-26 12:19:48', '2017-12-26 12:19:48'),
(65, 'illo', 'Qui impedit dolores dolores aut magnam. Quas aut iusto temporibus alias est.', 1, 'available', '2.png', 17, '2017-12-26 12:19:48', '2017-12-26 12:19:48'),
(66, 'voluptatem', 'Doloribus non pariatur neque et dolores. Aut laborum ea omnis totam non quia molestias.', 5, 'unavailable', '3.png', 18, '2017-12-26 12:19:48', '2017-12-26 12:19:48'),
(67, 'perferendis', 'Distinctio consequatur necessitatibus animi quos eligendi. Omnis reiciendis aliquid qui minus aspernatur.', 8, 'unavailable', '2.png', 20, '2017-12-26 12:19:48', '2017-12-26 12:19:48'),
(68, 'qui', 'Ipsam et dolor consequatur hic explicabo id. Blanditiis eum cum eos dignissimos asperiores.', 8, 'available', '4.png', 3, '2017-12-26 12:19:48', '2017-12-26 12:19:48'),
(69, 'vitae', 'Dolor non est dolor et sequi.', 1, 'available', '3.png', 3, '2017-12-26 12:19:48', '2017-12-26 12:19:48'),
(70, 'dolorem', 'Aperiam architecto molestias vero eaque ullam animi nulla. Voluptas ullam exercitationem quia dolore.', 4, 'available', '2.png', 42, '2017-12-26 12:19:48', '2017-12-26 12:19:48'),
(71, 'nesciunt', 'Nulla minima ipsum quia voluptas qui ab in. Qui et autem quisquam optio odio sed aut.', 2, 'unavailable', '1.png', 24, '2017-12-26 12:19:48', '2017-12-26 12:19:48'),
(72, 'aut', 'Saepe ullam qui est omnis consequatur. Quasi ut soluta error laudantium corrupti beatae ut molestiae.', 5, 'available', '3.png', 6, '2017-12-26 12:19:48', '2017-12-26 12:19:48'),
(73, 'aut', 'Ipsa tempore non est voluptates consequatur sunt hic. Beatae et ut cupiditate reprehenderit aut vero repellat voluptatem.', 9, 'available', '1.png', 16, '2017-12-26 12:19:48', '2017-12-26 12:19:48'),
(74, 'vel', 'Ut optio voluptatem sit necessitatibus vel consequatur quaerat. Ut a reiciendis non adipisci qui repellendus autem ullam.', 5, 'available', '3.png', 7, '2017-12-26 12:19:48', '2017-12-26 12:19:48'),
(75, 'facilis', 'Ab eum corporis alias ea.', 8, 'available', '4.png', 30, '2017-12-26 12:19:48', '2017-12-26 12:19:48'),
(76, 'sequi', 'A voluptate aliquam voluptatem veniam non nam. Officiis praesentium voluptatum similique veritatis eveniet omnis excepturi.', 1, 'unavailable', '3.png', 7, '2017-12-26 12:19:48', '2017-12-26 12:19:48'),
(77, 'autem', 'Ea natus pariatur eos exercitationem ducimus quis. Fugit excepturi assumenda doloribus et alias voluptates.', 4, 'unavailable', '1.png', 13, '2017-12-26 12:19:48', '2017-12-26 12:19:48'),
(78, 'non', 'Et nulla veniam quo enim magnam. Doloribus minus soluta ipsam voluptate dolorum id.', 3, 'available', '4.png', 4, '2017-12-26 12:19:48', '2017-12-26 12:19:48'),
(79, 'ipsa', 'Laboriosam vero blanditiis in esse. Suscipit debitis voluptatum tempore voluptas eligendi quae est.', 10, 'available', '2.png', 8, '2017-12-26 12:19:48', '2017-12-26 12:19:48'),
(80, 'at', 'Modi qui consectetur non sit omnis.', 6, 'unavailable', '4.png', 44, '2017-12-26 12:19:48', '2017-12-26 12:19:48'),
(81, 'excepturi', 'Provident nihil consectetur esse ex. Necessitatibus soluta fuga delectus.', 7, 'unavailable', '4.png', 3, '2017-12-26 12:19:48', '2017-12-26 12:19:48'),
(82, 'illum', 'Et nobis optio nulla doloremque praesentium dolores.', 7, 'available', '3.png', 23, '2017-12-26 12:19:48', '2017-12-26 12:19:48'),
(83, 'consequatur', 'Laboriosam vitae amet non ratione dolores et consequatur quasi. Suscipit ducimus sed et laudantium consequatur.', 5, 'available', '1.png', 2, '2017-12-26 12:19:48', '2017-12-26 12:19:48'),
(84, 'possimus', 'Assumenda suscipit magni dolor distinctio eum vel alias.', 7, 'available', '4.png', 46, '2017-12-26 12:19:48', '2017-12-26 12:19:48'),
(85, 'esse', 'Esse qui dolores labore possimus neque iure tempore. Sit earum et animi.', 10, 'unavailable', '3.png', 26, '2017-12-26 12:19:48', '2017-12-26 12:19:48'),
(86, 'quasi', 'Unde enim quibusdam saepe et.', 1, 'unavailable', '3.png', 47, '2017-12-26 12:19:48', '2017-12-26 12:19:48'),
(87, 'molestiae', 'Et pariatur reiciendis magni error.', 3, 'available', '1.png', 31, '2017-12-26 12:19:48', '2017-12-26 12:19:48'),
(88, 'in', 'Neque error assumenda est.', 2, 'available', '4.png', 8, '2017-12-26 12:19:48', '2017-12-26 12:19:48'),
(89, 'ab', 'Molestiae dolor maiores natus accusantium occaecati.', 7, 'available', '1.png', 10, '2017-12-26 12:19:48', '2017-12-26 12:19:48'),
(90, 'non', 'Voluptates vel voluptas at. Ut delectus rerum nihil temporibus aut rerum voluptas.', 1, 'available', '3.png', 11, '2017-12-26 12:19:48', '2017-12-26 12:19:48'),
(91, 'dolores', 'Repellat non rerum autem. Libero qui tempora voluptas dolorem non aliquam pariatur.', 10, 'unavailable', '1.png', 22, '2017-12-26 12:19:48', '2017-12-26 12:19:48'),
(92, 'et', 'Similique rerum et repellat quisquam asperiores voluptatem porro. Blanditiis impedit quis a et iste optio.', 1, 'available', '3.png', 6, '2017-12-26 12:19:48', '2017-12-26 12:19:48'),
(93, 'error', 'Rerum vel ea corrupti quaerat et quo. Fugiat sit blanditiis minus rerum quos illum doloremque.', 1, 'available', '3.png', 13, '2017-12-26 12:19:48', '2017-12-26 12:19:48'),
(94, 'officiis', 'Commodi velit deserunt illum voluptatibus culpa vel.', 10, 'unavailable', '3.png', 35, '2017-12-26 12:19:48', '2017-12-26 12:19:48'),
(95, 'porro', 'Odio voluptatem dolor neque doloremque accusantium voluptas. Vel incidunt voluptatibus aspernatur ut.', 10, 'unavailable', '3.png', 49, '2017-12-26 12:19:48', '2017-12-26 12:19:48'),
(96, 'quo', 'Rerum hic at vitae iusto. Voluptatem fugit expedita dolor.', 4, 'unavailable', '3.png', 2, '2017-12-26 12:19:48', '2017-12-26 12:19:48'),
(97, 'deleniti', 'Exercitationem dolore delectus non voluptatem magni voluptatem. Quisquam quis quod nesciunt culpa ut laboriosam molestias.', 5, 'unavailable', '3.png', 49, '2017-12-26 12:19:48', '2017-12-26 12:19:48'),
(98, 'voluptas', 'Repellat provident id est earum a mollitia et optio. Sint laudantium quis culpa et omnis quae.', 4, 'unavailable', '2.png', 5, '2017-12-26 12:19:48', '2017-12-26 12:19:48'),
(99, 'exercitationem', 'Soluta tempora doloribus repellat ut officia. Ut tempore saepe et blanditiis maxime quasi blanditiis vitae.', 2, 'available', '3.png', 12, '2017-12-26 12:19:48', '2017-12-26 12:19:48'),
(100, 'minima', 'Quia quam adipisci unde aut minima eum. Dolorem aspernatur dolor nam qui necessitatibus placeat quidem rerum.', 5, 'available', '2.png', 21, '2017-12-26 12:19:48', '2017-12-26 12:19:48'),
(101, 'dolor', 'Eum libero repudiandae rem.', 7, 'unavailable', '1.png', 14, '2017-12-26 12:19:48', '2017-12-26 12:19:48'),
(102, 'iste', 'Et incidunt quia ipsam magnam commodi eligendi nihil. Magnam quia sed eius.', 5, 'unavailable', '1.png', 6, '2017-12-26 12:19:48', '2017-12-26 12:19:48'),
(103, 'ratione', 'Esse quasi ut debitis ab eos a aut.', 2, 'available', '2.png', 39, '2017-12-26 12:19:48', '2017-12-26 12:19:48'),
(104, 'consequatur', 'Magni sit aliquam ut suscipit tempora ea natus iste. Aut ea dolorem ut non voluptatem.', 8, 'available', '3.png', 7, '2017-12-26 12:19:48', '2017-12-26 12:19:48'),
(105, 'accusamus', 'Ipsum cupiditate quasi praesentium recusandae sint aspernatur. Laudantium cum corporis et voluptate facere dolor.', 1, 'available', '4.png', 12, '2017-12-26 12:19:48', '2017-12-26 12:19:48'),
(106, 'porro', 'Quis soluta neque voluptatem quibusdam et.', 3, 'available', '4.png', 20, '2017-12-26 12:19:48', '2017-12-26 12:19:48'),
(107, 'ut', 'Maiores tempore iusto sunt.', 6, 'unavailable', '4.png', 31, '2017-12-26 12:19:48', '2017-12-26 12:19:48'),
(108, 'doloribus', 'Eos nesciunt eius alias architecto. Eaque atque quis ut magnam debitis vel.', 5, 'available', '2.png', 30, '2017-12-26 12:19:48', '2017-12-26 12:19:48'),
(109, 'molestiae', 'Suscipit inventore est natus consectetur sint eos dolor.', 10, 'unavailable', '1.png', 5, '2017-12-26 12:19:48', '2017-12-26 12:19:48'),
(110, 'voluptas', 'Laborum sit vel rerum sint.', 3, 'unavailable', '3.png', 8, '2017-12-26 12:19:48', '2017-12-26 12:19:48'),
(111, 'sint', 'Praesentium nulla mollitia assumenda quisquam adipisci tempora. Repudiandae eveniet earum quo omnis expedita cupiditate cumque provident.', 4, 'available', '4.png', 34, '2017-12-26 12:19:48', '2017-12-26 12:19:48'),
(112, 'dolorum', 'Consequatur aut est repellendus. Dolorem ut assumenda at aut labore.', 10, 'unavailable', '1.png', 41, '2017-12-26 12:19:48', '2017-12-26 12:19:48'),
(113, 'adipisci', 'Tempore eum eos dolor a assumenda. Optio iusto minima sit.', 7, 'unavailable', '2.png', 35, '2017-12-26 12:19:48', '2017-12-26 12:19:48'),
(114, 'nobis', 'Veritatis earum omnis quia aliquid dolorum dolor. Eum quasi amet non et quis.', 1, 'unavailable', '1.png', 31, '2017-12-26 12:19:48', '2017-12-26 12:19:48'),
(115, 'eligendi', 'Sit aspernatur dolorum illum minima hic fuga enim.', 7, 'unavailable', '2.png', 40, '2017-12-26 12:19:48', '2017-12-26 12:19:48'),
(116, 'voluptatem', 'Dolor nihil est qui sequi blanditiis.', 6, 'available', '2.png', 1, '2017-12-26 12:19:48', '2017-12-26 12:19:48'),
(117, 'officiis', 'Rerum earum optio in.', 1, 'unavailable', '4.png', 13, '2017-12-26 12:19:48', '2017-12-26 12:19:48'),
(118, 'voluptates', 'Omnis exercitationem iusto dolor quia et facilis et. Ipsum consequuntur ad occaecati quia cumque.', 6, 'unavailable', '3.png', 47, '2017-12-26 12:19:48', '2017-12-26 12:19:48'),
(119, 'qui', 'Non voluptatem tenetur sit ut facilis eius voluptatem sit. Aspernatur at voluptatem ut incidunt.', 9, 'available', '3.png', 14, '2017-12-26 12:19:48', '2017-12-26 12:19:48'),
(120, 'magnam', 'Dolorum ipsum qui quis eligendi quis quis reprehenderit.', 2, 'unavailable', '2.png', 37, '2017-12-26 12:19:48', '2017-12-26 12:19:48'),
(121, 'sit', 'Pariatur ut sed a voluptatem molestiae.', 1, 'available', '4.png', 50, '2017-12-26 12:19:48', '2017-12-26 12:19:48'),
(122, 'consequatur', 'Consequatur neque et eos ad repudiandae assumenda maxime perspiciatis. Sed aperiam vel molestias rem aliquid sapiente.', 3, 'unavailable', '3.png', 21, '2017-12-26 12:19:48', '2017-12-26 12:19:48'),
(123, 'molestiae', 'Omnis labore impedit dolores excepturi.', 6, 'available', '4.png', 28, '2017-12-26 12:19:48', '2017-12-26 12:19:48'),
(124, 'id', 'Quis optio sunt repudiandae officiis numquam et aspernatur.', 10, 'unavailable', '4.png', 11, '2017-12-26 12:19:48', '2017-12-26 12:19:48'),
(125, 'natus', 'Necessitatibus soluta nihil sapiente. Quidem molestias enim facilis quia sapiente porro.', 6, 'available', '1.png', 40, '2017-12-26 12:19:48', '2017-12-26 12:19:48'),
(126, 'incidunt', 'Non quos quia architecto doloremque rerum voluptatem. Accusantium dolor ex quia vel explicabo.', 7, 'unavailable', '4.png', 10, '2017-12-26 12:19:48', '2017-12-26 12:19:48'),
(127, 'adipisci', 'Aliquam perspiciatis ut qui omnis autem deserunt. Sequi aut rerum perspiciatis ratione.', 2, 'unavailable', '2.png', 40, '2017-12-26 12:19:48', '2017-12-26 12:19:48'),
(128, 'eligendi', 'Velit excepturi omnis quisquam earum.', 6, 'unavailable', '3.png', 44, '2017-12-26 12:19:48', '2017-12-26 12:19:48'),
(129, 'porro', 'Corporis qui minima error repellat. Qui quod aliquid sit debitis.', 3, 'unavailable', '2.png', 13, '2017-12-26 12:19:48', '2017-12-26 12:19:48'),
(130, 'qui', 'Vitae quibusdam quasi quae rerum et.', 8, 'available', '4.png', 29, '2017-12-26 12:19:48', '2017-12-26 12:19:48'),
(131, 'laborum', 'Vel ut adipisci pariatur asperiores nihil.', 7, 'available', '1.png', 24, '2017-12-26 12:19:48', '2017-12-26 12:19:48'),
(132, 'est', 'Soluta maiores consectetur voluptas exercitationem libero. Vel autem laboriosam illum commodi et deleniti.', 3, 'available', '4.png', 4, '2017-12-26 12:19:48', '2017-12-26 12:19:48'),
(133, 'enim', 'Et quia harum rerum voluptas quas error et veniam.', 9, 'unavailable', '4.png', 14, '2017-12-26 12:19:48', '2017-12-26 12:19:48'),
(134, 'eaque', 'Non molestias voluptatem accusamus fugit aut. Deserunt occaecati voluptatem occaecati nostrum quia aut omnis.', 3, 'unavailable', '4.png', 4, '2017-12-26 12:19:48', '2017-12-26 12:19:48'),
(135, 'illum', 'Velit libero placeat expedita deserunt aut atque repellendus. Quis perspiciatis optio non ipsa.', 9, 'unavailable', '2.png', 42, '2017-12-26 12:19:48', '2017-12-26 12:19:48'),
(136, 'porro', 'Nobis deserunt dolores ducimus quis odit. Laborum corrupti deleniti odit quis maiores earum provident.', 3, 'unavailable', '3.png', 14, '2017-12-26 12:19:48', '2017-12-26 12:19:48'),
(137, 'totam', 'Laborum reprehenderit et repellendus ipsam qui sapiente sed.', 1, 'unavailable', '1.png', 12, '2017-12-26 12:19:48', '2017-12-26 12:19:48'),
(138, 'ab', 'Sequi accusamus voluptatem voluptatibus atque inventore enim. Est non sed voluptatum accusantium consequatur.', 5, 'available', '2.png', 33, '2017-12-26 12:19:48', '2017-12-26 12:19:48'),
(139, 'eos', 'Numquam modi voluptatem fugit in voluptas.', 10, 'unavailable', '4.png', 39, '2017-12-26 12:19:48', '2017-12-26 12:19:48'),
(140, 'quia', 'Ut quo magni quo possimus unde dolores corporis.', 1, 'unavailable', '2.png', 24, '2017-12-26 12:19:48', '2017-12-26 12:19:48'),
(141, 'iure', 'Odit aliquam quia rerum illo.', 1, 'unavailable', '1.png', 8, '2017-12-26 12:19:48', '2017-12-26 12:19:48'),
(142, 'ipsa', 'Suscipit enim error quod sed quaerat rerum. Qui quidem repudiandae qui quaerat.', 4, 'available', '2.png', 26, '2017-12-26 12:19:48', '2017-12-26 12:19:48'),
(143, 'perferendis', 'Sunt provident omnis voluptatibus beatae. Autem qui reprehenderit molestias error eius dicta sint.', 6, 'available', '1.png', 5, '2017-12-26 12:19:48', '2017-12-26 12:19:48'),
(144, 'consequatur', 'Rerum cum occaecati vitae doloremque sint rem.', 4, 'unavailable', '4.png', 27, '2017-12-26 12:19:48', '2017-12-26 12:19:48'),
(145, 'aspernatur', 'Vel inventore ad velit aut quidem aliquam dolorum. Facere consequatur facilis iure reiciendis quis.', 4, 'available', '1.png', 35, '2017-12-26 12:19:48', '2017-12-26 12:19:48'),
(146, 'voluptas', 'Voluptas molestiae fugit illo consequatur ex.', 4, 'available', '1.png', 10, '2017-12-26 12:19:48', '2017-12-26 12:19:48'),
(147, 'sit', 'Sit aspernatur et sit placeat sequi perferendis cumque.', 6, 'unavailable', '2.png', 30, '2017-12-26 12:19:48', '2017-12-26 12:19:48'),
(148, 'est', 'Tenetur dignissimos a alias autem non eum quod vel.', 2, 'available', '3.png', 33, '2017-12-26 12:19:48', '2017-12-26 12:19:48'),
(149, 'minima', 'Et dolor sit dolorum quisquam quasi optio.', 10, 'available', '1.png', 2, '2017-12-26 12:19:48', '2017-12-26 12:19:48'),
(150, 'a', 'Et dolores aut atque omnis.', 1, 'available', '2.png', 8, '2017-12-26 12:19:48', '2017-12-26 12:19:48'),
(151, 'non', 'Ullam optio tenetur eligendi. Qui et aliquid expedita totam quam.', 4, 'available', '4.png', 15, '2017-12-26 12:19:48', '2017-12-26 12:19:48'),
(152, 'et', 'Illo facere quos ut eos. In nihil et porro minima fuga vero.', 1, 'unavailable', '1.png', 39, '2017-12-26 12:19:48', '2017-12-26 12:19:48'),
(153, 'beatae', 'Et fugiat incidunt rerum.', 6, 'available', '4.png', 35, '2017-12-26 12:19:48', '2017-12-26 12:19:48'),
(154, 'harum', 'Rerum rerum et aut molestiae magnam. Eligendi voluptatem libero porro blanditiis rerum ullam.', 1, 'available', '4.png', 48, '2017-12-26 12:19:48', '2017-12-26 12:19:48'),
(155, 'et', 'Aliquid omnis error ducimus rerum.', 10, 'unavailable', '3.png', 27, '2017-12-26 12:19:48', '2017-12-26 12:19:48'),
(156, 'adipisci', 'Neque fugiat vel repellendus et repellendus aliquam rerum. Ut nihil eos dolor ut facere omnis nesciunt.', 5, 'available', '2.png', 3, '2017-12-26 12:19:48', '2017-12-26 12:19:48'),
(157, 'eveniet', 'Occaecati ea quas animi repellat.', 5, 'available', '2.png', 48, '2017-12-26 12:19:48', '2017-12-26 12:19:48'),
(158, 'iure', 'Accusamus tenetur placeat incidunt voluptate eum quis. Quasi itaque consectetur esse distinctio sunt.', 6, 'unavailable', '3.png', 30, '2017-12-26 12:19:48', '2017-12-26 12:19:48'),
(159, 'in', 'Non velit sit voluptates ut ea modi. Aut cupiditate veniam et occaecati.', 6, 'unavailable', '3.png', 24, '2017-12-26 12:19:48', '2017-12-26 12:19:48'),
(160, 'voluptatem', 'Tenetur nobis totam dolorum. Quis unde quia porro nihil.', 3, 'available', '2.png', 45, '2017-12-26 12:19:48', '2017-12-26 12:19:48'),
(161, 'in', 'Dolores debitis voluptatem doloremque dolorem aliquid distinctio aut.', 6, 'available', '4.png', 34, '2017-12-26 12:19:48', '2017-12-26 12:19:48'),
(162, 'aut', 'Aut consequatur consequatur unde veritatis eius nostrum alias.', 9, 'available', '3.png', 30, '2017-12-26 12:19:48', '2017-12-26 12:19:48'),
(163, 'est', 'Et maxime dolor tenetur praesentium. Aut dolorem est nostrum.', 4, 'available', '3.png', 12, '2017-12-26 12:19:48', '2017-12-26 12:19:48'),
(164, 'sint', 'Quis quia quas ex error facilis occaecati non.', 6, 'available', '2.png', 17, '2017-12-26 12:19:48', '2017-12-26 12:19:48'),
(165, 'tempore', 'Consequatur dolores error non quos velit ut consectetur laudantium.', 4, 'available', '3.png', 44, '2017-12-26 12:19:48', '2017-12-26 12:19:48'),
(166, 'totam', 'Quia et perferendis sint beatae. Placeat molestias totam ducimus cumque.', 3, 'unavailable', '3.png', 36, '2017-12-26 12:19:48', '2017-12-26 12:19:48'),
(167, 'et', 'Ab in non assumenda suscipit qui nesciunt adipisci. Accusantium id voluptatibus consequuntur fuga nostrum.', 2, 'unavailable', '3.png', 37, '2017-12-26 12:19:48', '2017-12-26 12:19:48'),
(168, 'nesciunt', 'Perferendis molestias sit error recusandae nihil eos est.', 1, 'unavailable', '3.png', 40, '2017-12-26 12:19:48', '2017-12-26 12:19:48'),
(169, 'omnis', 'Nemo fuga in neque consectetur.', 2, 'available', '4.png', 15, '2017-12-26 12:19:48', '2017-12-26 12:19:48'),
(170, 'commodi', 'Est quo voluptatum quam sit.', 5, 'available', '3.png', 40, '2017-12-26 12:19:48', '2017-12-26 12:19:48'),
(171, 'sit', 'Delectus hic quas dolorem totam. Non adipisci voluptatem natus et.', 4, 'available', '1.png', 20, '2017-12-26 12:19:48', '2017-12-26 12:19:48'),
(172, 'suscipit', 'Consequatur quo nihil et omnis distinctio ut.', 10, 'available', '1.png', 40, '2017-12-26 12:19:48', '2017-12-26 12:19:48'),
(173, 'aut', 'Quo ex nulla iure enim voluptas numquam.', 3, 'available', '2.png', 34, '2017-12-26 12:19:48', '2017-12-26 12:19:48'),
(174, 'et', 'Delectus est autem consequatur nesciunt quis harum. Sunt tenetur ratione optio ipsa aliquid mollitia.', 9, 'unavailable', '2.png', 33, '2017-12-26 12:19:48', '2017-12-26 12:19:48'),
(175, 'sunt', 'Ipsum esse inventore magni sint dolorem. Aut asperiores nemo dolor nesciunt excepturi.', 9, 'available', '4.png', 44, '2017-12-26 12:19:48', '2017-12-26 12:19:48'),
(176, 'sed', 'Voluptates neque voluptatibus architecto aliquid ex fugit.', 6, 'available', '2.png', 28, '2017-12-26 12:19:48', '2017-12-26 12:19:48'),
(177, 'perferendis', 'Magnam fugiat qui saepe iusto quasi facilis. Facilis incidunt ducimus excepturi dolore.', 10, 'available', '1.png', 36, '2017-12-26 12:19:48', '2017-12-26 12:19:48'),
(178, 'nemo', 'Nobis distinctio deserunt debitis quam id.', 9, 'available', '4.png', 19, '2017-12-26 12:19:48', '2017-12-26 12:19:48'),
(179, 'similique', 'Velit autem quaerat quia.', 9, 'unavailable', '1.png', 2, '2017-12-26 12:19:48', '2017-12-26 12:19:48'),
(180, 'autem', 'Eos quas sed qui voluptatem quo.', 3, 'unavailable', '1.png', 17, '2017-12-26 12:19:48', '2017-12-26 12:19:48'),
(181, 'odit', 'Accusamus mollitia quisquam et nostrum qui est molestiae. Suscipit voluptates est ad voluptas porro cupiditate.', 6, 'unavailable', '2.png', 40, '2017-12-26 12:19:48', '2017-12-26 12:19:48'),
(182, 'rem', 'Molestiae consectetur non consequatur cumque eaque.', 6, 'available', '2.png', 43, '2017-12-26 12:19:48', '2017-12-26 12:19:48'),
(183, 'neque', 'Rerum natus accusantium quo error et.', 4, 'available', '3.png', 3, '2017-12-26 12:19:48', '2017-12-26 12:19:48'),
(184, 'voluptas', 'Provident quisquam voluptatem earum autem totam quis saepe. Omnis mollitia quia rem nostrum culpa dignissimos impedit.', 5, 'unavailable', '2.png', 44, '2017-12-26 12:19:48', '2017-12-26 12:19:48'),
(185, 'accusamus', 'Porro qui facilis ullam voluptatum non.', 6, 'unavailable', '3.png', 1, '2017-12-26 12:19:48', '2017-12-26 12:19:48'),
(186, 'asperiores', 'Nulla voluptas ducimus vel cum repellendus.', 8, 'available', '4.png', 33, '2017-12-26 12:19:48', '2017-12-26 12:19:48'),
(187, 'quibusdam', 'Similique accusantium voluptas odit sapiente voluptas.', 1, 'unavailable', '4.png', 48, '2017-12-26 12:19:48', '2017-12-26 12:19:48'),
(188, 'cupiditate', 'Rerum dolore quasi consequuntur.', 10, 'unavailable', '3.png', 22, '2017-12-26 12:19:48', '2017-12-26 12:19:48'),
(189, 'delectus', 'Occaecati error facere rerum non odit quia. Aut mollitia autem id fuga nisi ullam.', 4, 'available', '3.png', 41, '2017-12-26 12:19:48', '2017-12-26 12:19:48'),
(190, 'rerum', 'Sint ducimus est consequatur mollitia tempora molestiae ut. Eum et dolore mollitia possimus et et.', 9, 'unavailable', '4.png', 21, '2017-12-26 12:19:48', '2017-12-26 12:19:48'),
(191, 'eveniet', 'Qui quidem rerum est ratione sed.', 3, 'available', '4.png', 28, '2017-12-26 12:19:48', '2017-12-26 12:19:48'),
(192, 'nulla', 'Rerum provident soluta quia vel ducimus a ad doloribus. Exercitationem numquam commodi nesciunt provident eius.', 3, 'unavailable', '2.png', 44, '2017-12-26 12:19:48', '2017-12-26 12:19:48'),
(193, 'molestias', 'Qui eaque rem deserunt. Ex voluptatem dolor delectus iusto.', 3, 'unavailable', '3.png', 44, '2017-12-26 12:19:48', '2017-12-26 12:19:48'),
(194, 'nulla', 'Eius ullam laborum doloremque rerum omnis voluptatibus autem.', 1, 'unavailable', '4.png', 1, '2017-12-26 12:19:48', '2017-12-26 12:19:48'),
(195, 'at', 'Est veniam dolore et sed tempora.', 7, 'available', '3.png', 48, '2017-12-26 12:19:48', '2017-12-26 12:19:48'),
(196, 'sed', 'Quia dignissimos possimus quia et.', 2, 'unavailable', '1.png', 38, '2017-12-26 12:19:48', '2017-12-26 12:19:48'),
(197, 'sint', 'Quis ipsa sed qui molestiae. Voluptatibus explicabo reiciendis omnis molestiae et nisi iure.', 6, 'unavailable', '4.png', 8, '2017-12-26 12:19:48', '2017-12-26 12:19:48'),
(198, 'autem', 'Facilis vitae laborum possimus id in aut architecto. Quia corrupti minima sint.', 5, 'available', '2.png', 7, '2017-12-26 12:19:48', '2017-12-26 12:19:48'),
(199, 'et', 'Provident dolor reprehenderit impedit error eos corrupti. Omnis laudantium consequuntur qui sint reiciendis consequatur.', 3, 'available', '4.png', 34, '2017-12-26 12:19:48', '2017-12-26 12:19:48'),
(200, 'atque', 'Illo rerum expedita dolorem est aperiam quis dolorem nihil. Est debitis ea ullam.', 7, 'unavailable', '2.png', 50, '2017-12-26 12:19:48', '2017-12-26 12:19:48'),
(201, 'quis', 'Eaque velit molestias fugiat amet magni cupiditate ut voluptates. Ex mollitia aut est sint accusamus et.', 3, 'available', '3.png', 13, '2017-12-26 12:19:48', '2017-12-26 12:19:48'),
(202, 'quasi', 'Sed veritatis reprehenderit nihil quam ut ad fugiat. Officiis asperiores modi reprehenderit voluptatum.', 5, 'unavailable', '3.png', 26, '2017-12-26 12:19:48', '2017-12-26 12:19:48'),
(203, 'id', 'Alias voluptas eum distinctio sed qui.', 7, 'available', '1.png', 5, '2017-12-26 12:19:48', '2017-12-26 12:19:48'),
(204, 'architecto', 'Laudantium numquam quo distinctio repellendus. Et modi neque vero dignissimos tempore atque.', 4, 'unavailable', '4.png', 10, '2017-12-26 12:19:48', '2017-12-26 12:19:48'),
(205, 'error', 'Autem ipsa at exercitationem hic voluptatem neque voluptas officiis. Dolore et dignissimos aut perspiciatis est impedit aut.', 3, 'available', '1.png', 45, '2017-12-26 12:19:49', '2017-12-26 12:19:49'),
(206, 'excepturi', 'Quae voluptatum ratione doloremque. Consectetur voluptatem voluptate maiores tempore ex itaque.', 1, 'unavailable', '4.png', 30, '2017-12-26 12:19:49', '2017-12-26 12:19:49'),
(207, 'optio', 'Repudiandae saepe velit non voluptatum eaque architecto. Voluptas qui quaerat laborum ratione officia et.', 1, 'available', '3.png', 48, '2017-12-26 12:19:49', '2017-12-26 12:19:49'),
(208, 'molestiae', 'Accusamus blanditiis harum doloremque delectus neque.', 2, 'unavailable', '1.png', 31, '2017-12-26 12:19:49', '2017-12-26 12:19:49'),
(209, 'sunt', 'Impedit tempore sit nisi sint neque.', 1, 'unavailable', '2.png', 46, '2017-12-26 12:19:49', '2017-12-26 12:19:49'),
(210, 'minus', 'Omnis voluptate est necessitatibus reprehenderit beatae omnis perferendis ipsum. Eius dolores dolor repellat aut.', 2, 'available', '3.png', 35, '2017-12-26 12:19:49', '2017-12-26 12:19:49'),
(211, 'quae', 'Impedit est et sunt officiis. Dolorem labore ea voluptatum eveniet accusamus dolor perferendis.', 1, 'available', '3.png', 16, '2017-12-26 12:19:49', '2017-12-26 12:19:49'),
(212, 'est', 'Expedita dicta et quidem soluta.', 4, 'available', '2.png', 48, '2017-12-26 12:19:49', '2017-12-26 12:19:49'),
(213, 'repellendus', 'Dolorem ea consequatur quibusdam explicabo neque.', 5, 'unavailable', '2.png', 39, '2017-12-26 12:19:49', '2017-12-26 12:19:49'),
(214, 'delectus', 'Eligendi harum ea rerum aliquam dolor ullam.', 4, 'unavailable', '1.png', 23, '2017-12-26 12:19:49', '2017-12-26 12:19:49'),
(215, 'nesciunt', 'Qui dolores ipsam odio beatae similique quos.', 5, 'available', '2.png', 18, '2017-12-26 12:19:49', '2017-12-26 12:19:49'),
(216, 'rerum', 'Nesciunt voluptas officiis esse et tenetur est iure ipsa. Consectetur non consequatur repellendus voluptatum et sunt.', 6, 'unavailable', '2.png', 40, '2017-12-26 12:19:49', '2017-12-26 12:19:49'),
(217, 'sequi', 'Aliquam sed asperiores commodi fugiat est velit.', 3, 'unavailable', '4.png', 5, '2017-12-26 12:19:49', '2017-12-26 12:19:49'),
(218, 'expedita', 'Commodi nisi sed sit doloremque blanditiis et iste. Ut ipsa quis maiores eos rerum id dolore.', 10, 'available', '1.png', 38, '2017-12-26 12:19:49', '2017-12-26 12:19:49'),
(219, 'et', 'Molestiae molestias non consequuntur odio nostrum pariatur in officiis.', 5, 'unavailable', '1.png', 26, '2017-12-26 12:19:49', '2017-12-26 12:19:49'),
(220, 'ex', 'Voluptate quas harum corporis exercitationem sunt.', 2, 'unavailable', '2.png', 49, '2017-12-26 12:19:49', '2017-12-26 12:19:49'),
(221, 'qui', 'Fuga doloremque et ratione labore rerum. Porro rerum velit similique et.', 6, 'unavailable', '2.png', 24, '2017-12-26 12:19:49', '2017-12-26 12:19:49'),
(222, 'laboriosam', 'Et autem voluptatum amet omnis enim ut.', 7, 'available', '1.png', 42, '2017-12-26 12:19:49', '2017-12-26 12:19:49'),
(223, 'dolor', 'In consequatur debitis id. Repudiandae explicabo ut non sint ullam.', 8, 'unavailable', '1.png', 19, '2017-12-26 12:19:49', '2017-12-26 12:19:49'),
(224, 'architecto', 'Sequi provident tempora dolorem dolore.', 6, 'available', '1.png', 44, '2017-12-26 12:19:49', '2017-12-26 12:19:49'),
(225, 'aut', 'Voluptatibus sapiente voluptatum nesciunt numquam aut odit. Ipsa quia iste illum voluptates.', 5, 'available', '4.png', 45, '2017-12-26 12:19:49', '2017-12-26 12:19:49'),
(226, 'cupiditate', 'Sapiente unde id minima perferendis illum.', 4, 'available', '1.png', 46, '2017-12-26 12:19:49', '2017-12-26 12:19:49'),
(227, 'laudantium', 'Debitis tempore rerum possimus omnis mollitia.', 7, 'unavailable', '1.png', 28, '2017-12-26 12:19:49', '2017-12-26 12:19:49'),
(228, 'illum', 'Aut assumenda nihil commodi totam.', 8, 'unavailable', '4.png', 3, '2017-12-26 12:19:49', '2017-12-26 12:19:49'),
(229, 'aut', 'Alias ratione doloremque esse saepe est sed placeat.', 2, 'available', '4.png', 25, '2017-12-26 12:19:49', '2017-12-26 12:19:49'),
(230, 'nam', 'Illo qui tenetur harum facilis eos ullam deleniti. Nobis in dolores molestiae dolorem ipsa omnis nihil laboriosam.', 1, 'unavailable', '1.png', 29, '2017-12-26 12:19:49', '2017-12-26 12:19:49'),
(231, 'quis', 'Soluta eum molestiae qui sunt in rerum pariatur.', 5, 'unavailable', '2.png', 12, '2017-12-26 12:19:49', '2017-12-26 12:19:49'),
(232, 'aut', 'Provident ut ducimus sapiente dicta omnis doloremque. Aut fugiat quasi architecto maiores consectetur ex ipsum.', 5, 'available', '2.png', 1, '2017-12-26 12:19:49', '2017-12-26 12:19:49'),
(233, 'quis', 'Illo aut consequatur sunt molestiae.', 8, 'available', '4.png', 27, '2017-12-26 12:19:49', '2017-12-26 12:19:49'),
(234, 'placeat', 'Earum est accusantium sit rerum et quibusdam tempora saepe. Nulla laborum numquam officiis culpa nihil ut optio eos.', 8, 'unavailable', '2.png', 23, '2017-12-26 12:19:49', '2017-12-26 12:19:49'),
(235, 'temporibus', 'Quo numquam excepturi nisi eius.', 9, 'available', '3.png', 41, '2017-12-26 12:19:49', '2017-12-26 12:19:49'),
(236, 'error', 'Amet architecto quae nobis nobis et recusandae ducimus.', 5, 'unavailable', '3.png', 33, '2017-12-26 12:19:49', '2017-12-26 12:19:49'),
(237, 'aspernatur', 'Aut quia rem aut sint. Quae maiores sit dolor.', 10, 'unavailable', '1.png', 41, '2017-12-26 12:19:49', '2017-12-26 12:19:49'),
(238, 'eligendi', 'Iusto eos asperiores eos. Est labore sed quam iure accusantium quidem.', 9, 'unavailable', '1.png', 40, '2017-12-26 12:19:49', '2017-12-26 12:19:49'),
(239, 'iure', 'Ipsam quas quibusdam quam debitis. Qui hic fuga voluptatum eveniet consequuntur accusantium dolore.', 3, 'available', '2.png', 35, '2017-12-26 12:19:49', '2017-12-26 12:19:49'),
(240, 'quis', 'Fugit debitis iusto molestias culpa architecto dolores deleniti.', 8, 'unavailable', '2.png', 9, '2017-12-26 12:19:49', '2017-12-26 12:19:49'),
(241, 'asperiores', 'Ipsa accusamus expedita omnis sunt doloremque harum placeat. Exercitationem beatae excepturi labore debitis est autem.', 1, 'unavailable', '4.png', 50, '2017-12-26 12:19:49', '2017-12-26 12:19:49'),
(242, 'quia', 'Velit voluptatem et eius et sit beatae ut.', 10, 'unavailable', '4.png', 21, '2017-12-26 12:19:49', '2017-12-26 12:19:49'),
(243, 'necessitatibus', 'Ut aspernatur labore expedita veniam quo omnis quia. Qui sint enim dolor nemo quis accusamus eaque architecto.', 5, 'available', '4.png', 21, '2017-12-26 12:19:49', '2017-12-26 12:19:49'),
(244, 'dolorum', 'Quia non nobis possimus voluptates sed assumenda et delectus. Earum iste qui id.', 5, 'available', '3.png', 24, '2017-12-26 12:19:49', '2017-12-26 12:19:49'),
(245, 'ea', 'Dolorem distinctio dolorem ut voluptas autem sint voluptas. Eligendi molestias qui sit eligendi aut officia.', 6, 'unavailable', '4.png', 26, '2017-12-26 12:19:49', '2017-12-26 12:19:49'),
(246, 'unde', 'Aut ipsum cumque vel neque.', 4, 'unavailable', '1.png', 4, '2017-12-26 12:19:49', '2017-12-26 12:19:49'),
(247, 'quas', 'Tempore aperiam eaque sint qui. Nostrum ipsa aliquam unde ea.', 4, 'unavailable', '1.png', 15, '2017-12-26 12:19:49', '2017-12-26 12:19:49'),
(248, 'vel', 'Architecto doloribus accusamus eum ullam iste.', 6, 'unavailable', '1.png', 12, '2017-12-26 12:19:49', '2017-12-26 12:19:49'),
(249, 'aut', 'Minus totam accusantium sit omnis in aperiam explicabo.', 3, 'unavailable', '4.png', 45, '2017-12-26 12:19:49', '2017-12-26 12:19:49'),
(250, 'qui', 'Consequatur enim deleniti sed asperiores ut architecto est fugit.', 5, 'unavailable', '2.png', 22, '2017-12-26 12:19:49', '2017-12-26 12:19:49'),
(251, 'laudantium', 'Quo autem adipisci dolorem est. Provident sed ipsa ut est labore.', 4, 'available', '2.png', 38, '2017-12-26 12:19:49', '2017-12-26 12:19:49'),
(252, 'voluptatem', 'Temporibus incidunt eligendi nostrum velit dolorem voluptas aut iure. Beatae omnis quasi eos laudantium id eligendi.', 10, 'unavailable', '3.png', 49, '2017-12-26 12:19:49', '2017-12-26 12:19:49'),
(253, 'enim', 'Aliquid et ea delectus qui aliquam.', 6, 'available', '3.png', 8, '2017-12-26 12:19:49', '2017-12-26 12:19:49'),
(254, 'ad', 'Aspernatur quis porro deserunt maxime perferendis et nemo consectetur. Libero sit itaque blanditiis reprehenderit.', 3, 'unavailable', '2.png', 36, '2017-12-26 12:19:49', '2017-12-26 12:19:49'),
(255, 'earum', 'Molestias accusamus numquam molestiae voluptas voluptatibus. Animi labore molestias consequuntur quibusdam aut minima.', 5, 'available', '4.png', 3, '2017-12-26 12:19:49', '2017-12-26 12:19:49'),
(256, 'illo', 'Et quo tenetur deserunt tenetur quaerat quaerat. Ullam unde sit modi ut quas quae architecto.', 4, 'available', '3.png', 45, '2017-12-26 12:19:49', '2017-12-26 12:19:49'),
(257, 'voluptates', 'Ad mollitia incidunt laborum illum explicabo harum.', 2, 'available', '3.png', 12, '2017-12-26 12:19:49', '2017-12-26 12:19:49'),
(258, 'reprehenderit', 'Explicabo occaecati ipsam qui eveniet voluptate odit. Commodi autem totam dolore quam magnam ullam.', 9, 'unavailable', '3.png', 5, '2017-12-26 12:19:49', '2017-12-26 12:19:49'),
(259, 'dolorem', 'Porro commodi ad odit laborum dolorem voluptatum.', 2, 'available', '3.png', 38, '2017-12-26 12:19:49', '2017-12-26 12:19:49'),
(260, 'beatae', 'Error aperiam vel sunt id nesciunt vel.', 3, 'unavailable', '4.png', 12, '2017-12-26 12:19:49', '2017-12-26 12:19:49'),
(261, 'alias', 'Officiis aut nam dolorum unde accusantium ipsa explicabo.', 8, 'available', '1.png', 17, '2017-12-26 12:19:49', '2017-12-26 12:19:49'),
(262, 'voluptatum', 'Ut et ipsam voluptatum. Recusandae quas sit itaque.', 3, 'unavailable', '1.png', 8, '2017-12-26 12:19:49', '2017-12-26 12:19:49'),
(263, 'neque', 'Ut saepe error tenetur blanditiis consequuntur.', 3, 'available', '1.png', 38, '2017-12-26 12:19:49', '2017-12-26 12:19:49'),
(264, 'aliquam', 'Fuga necessitatibus omnis et blanditiis. Rem quas cumque sint iusto.', 9, 'available', '3.png', 10, '2017-12-26 12:19:49', '2017-12-26 12:19:49'),
(265, 'porro', 'Omnis sit ullam itaque veniam ipsam.', 8, 'available', '2.png', 38, '2017-12-26 12:19:49', '2017-12-26 12:19:49'),
(266, 'nisi', 'Id id eos optio rerum aliquam. At et facilis corporis veniam sit.', 8, 'unavailable', '1.png', 25, '2017-12-26 12:19:49', '2017-12-26 12:19:49'),
(267, 'cum', 'Numquam et quibusdam fugiat et.', 2, 'available', '1.png', 47, '2017-12-26 12:19:49', '2017-12-26 12:19:49'),
(268, 'temporibus', 'Est ut vero omnis quibusdam eos sunt sint fugit. Alias dicta corporis aliquid at voluptatum voluptas.', 9, 'unavailable', '1.png', 43, '2017-12-26 12:19:49', '2017-12-26 12:19:49'),
(269, 'neque', 'At quidem qui sed consequuntur.', 7, 'available', '2.png', 41, '2017-12-26 12:19:49', '2017-12-26 12:19:49'),
(270, 'nihil', 'Dolores dolorem harum consequatur architecto corrupti.', 3, 'unavailable', '2.png', 31, '2017-12-26 12:19:49', '2017-12-26 12:19:49'),
(271, 'nesciunt', 'Laudantium velit rem deserunt quis non. Fuga dicta architecto vitae qui.', 5, 'available', '1.png', 30, '2017-12-26 12:19:49', '2017-12-26 12:19:49'),
(272, 'reiciendis', 'Deserunt et fuga modi nulla quis quae. Sunt dignissimos aut reprehenderit aliquid et quis.', 9, 'unavailable', '3.png', 45, '2017-12-26 12:19:49', '2017-12-26 12:19:49'),
(273, 'eveniet', 'Est ullam labore quia quos sit. Temporibus ipsa reprehenderit dicta repudiandae consequatur reiciendis rem.', 10, 'available', '4.png', 5, '2017-12-26 12:19:49', '2017-12-26 12:19:49'),
(274, 'facere', 'Nihil voluptatem consectetur id aut voluptate. Pariatur ab a nemo quo ipsum ut qui odio.', 4, 'available', '4.png', 7, '2017-12-26 12:19:49', '2017-12-26 12:19:49'),
(275, 'et', 'Dignissimos non voluptatem minus sit.', 4, 'available', '3.png', 3, '2017-12-26 12:19:49', '2017-12-26 12:19:49'),
(276, 'quasi', 'Maxime eaque est enim voluptas commodi aut.', 10, 'available', '2.png', 22, '2017-12-26 12:19:49', '2017-12-26 12:19:49'),
(277, 'enim', 'Vel ab repellat repellendus minus voluptatibus deserunt voluptatem.', 4, 'available', '3.png', 22, '2017-12-26 12:19:49', '2017-12-26 12:19:49'),
(278, 'et', 'Molestiae qui corporis amet dolorem cum architecto sunt.', 5, 'available', '2.png', 11, '2017-12-26 12:19:49', '2017-12-26 12:19:49'),
(279, 'incidunt', 'Sit neque suscipit similique. Voluptatem repellat recusandae et quia tenetur nihil.', 9, 'unavailable', '3.png', 34, '2017-12-26 12:19:49', '2017-12-26 12:19:49'),
(280, 'optio', 'Eligendi dignissimos corrupti et dolores. Vero amet minima dolores assumenda in id.', 9, 'unavailable', '2.png', 6, '2017-12-26 12:19:49', '2017-12-26 12:19:49'),
(281, 'laudantium', 'Officiis sequi minima velit est voluptatem at labore.', 3, 'available', '3.png', 35, '2017-12-26 12:19:49', '2017-12-26 12:19:49'),
(282, 'qui', 'Et quasi consequatur aut sit magnam non soluta. Perferendis voluptatem suscipit quo dignissimos dolorem.', 7, 'unavailable', '1.png', 25, '2017-12-26 12:19:49', '2017-12-26 12:19:49'),
(283, 'voluptate', 'Fugit repellat soluta sed maxime sed et.', 7, 'unavailable', '1.png', 39, '2017-12-26 12:19:49', '2017-12-26 12:19:49'),
(284, 'voluptas', 'Eum sit commodi aut qui non ut aut. Eum ducimus natus culpa exercitationem.', 10, 'unavailable', '3.png', 49, '2017-12-26 12:19:49', '2017-12-26 12:19:49'),
(285, 'et', 'Aut corrupti animi vel aspernatur animi velit et. Earum minima in explicabo vel ratione perferendis cum.', 10, 'unavailable', '4.png', 7, '2017-12-26 12:19:49', '2017-12-26 12:19:49'),
(286, 'corrupti', 'Animi velit aut vero tempore unde sed eaque ut. Quam similique natus voluptatem esse autem.', 2, 'available', '2.png', 46, '2017-12-26 12:19:49', '2017-12-26 12:19:49'),
(287, 'eum', 'Accusantium quas provident nam inventore. Est aspernatur est ducimus voluptatem similique.', 1, 'available', '2.png', 7, '2017-12-26 12:19:49', '2017-12-26 12:19:49'),
(288, 'eum', 'Quia cupiditate minima ab quia.', 9, 'available', '4.png', 40, '2017-12-26 12:19:49', '2017-12-26 12:19:49'),
(289, 'delectus', 'Corrupti tenetur sint autem quidem libero fuga enim.', 3, 'unavailable', '1.png', 18, '2017-12-26 12:19:49', '2017-12-26 12:19:49'),
(290, 'nihil', 'Eveniet consequatur laudantium quaerat qui quam iste. Est velit aut animi velit culpa.', 10, 'available', '3.png', 48, '2017-12-26 12:19:49', '2017-12-26 12:19:49'),
(291, 'recusandae', 'Veritatis incidunt tempore et ducimus. Placeat vero tempore id quis et vitae.', 10, 'available', '4.png', 1, '2017-12-26 12:19:49', '2017-12-26 12:19:49'),
(292, 'natus', 'Et ea repudiandae qui debitis earum sunt. Tenetur sit autem vel numquam fugit.', 4, 'available', '4.png', 47, '2017-12-26 12:19:49', '2017-12-26 12:19:49'),
(293, 'est', 'Sint quod distinctio non doloribus nisi aut et dolorum.', 2, 'unavailable', '1.png', 17, '2017-12-26 12:19:49', '2017-12-26 12:19:49'),
(294, 'impedit', 'Dignissimos qui pariatur enim occaecati ut dolores. Velit porro aut temporibus nemo quia.', 2, 'unavailable', '1.png', 2, '2017-12-26 12:19:49', '2017-12-26 12:19:49'),
(295, 'rerum', 'Maiores quas dolores sit et.', 8, 'unavailable', '2.png', 43, '2017-12-26 12:19:49', '2017-12-26 12:19:49'),
(296, 'maiores', 'Et occaecati quod eius. Delectus et quia et itaque sit.', 7, 'available', '4.png', 37, '2017-12-26 12:19:49', '2017-12-26 12:19:49'),
(297, 'ad', 'Ea quia amet qui dolorem atque dolor. Praesentium occaecati voluptas sint.', 6, 'available', '1.png', 50, '2017-12-26 12:19:49', '2017-12-26 12:19:49'),
(298, 'rerum', 'In facere aut veritatis qui culpa quas recusandae culpa. Excepturi debitis illum facilis deserunt aspernatur.', 10, 'available', '4.png', 31, '2017-12-26 12:19:49', '2017-12-26 12:19:49'),
(299, 'voluptate', 'Et aut quia ut. Aut nesciunt in aut eveniet.', 8, 'unavailable', '1.png', 19, '2017-12-26 12:19:49', '2017-12-26 12:19:49'),
(300, 'facere', 'Amet et reprehenderit ratione modi quo veritatis eligendi. Non mollitia quis non harum.', 4, 'unavailable', '4.png', 22, '2017-12-26 12:19:49', '2017-12-26 12:19:49');

-- --------------------------------------------------------

--
-- Table structure for table `transactions`
--

CREATE TABLE `transactions` (
  `id` int(10) UNSIGNED NOT NULL,
  `quantity` int(10) UNSIGNED NOT NULL,
  `buyer_id` int(10) UNSIGNED NOT NULL,
  `product_id` int(10) UNSIGNED NOT NULL,
  `created_at` timestamp NULL DEFAULT NULL,
  `updated_at` timestamp NULL DEFAULT NULL
) ENGINE=InnoDB DEFAULT CHARSET=utf8mb4;

--
-- Dumping data for table `transactions`
--

INSERT INTO `transactions` (`id`, `quantity`, `buyer_id`, `product_id`, `created_at`, `updated_at`) VALUES
(1, 2, 2, 5, '2017-12-12 23:00:00', '2017-12-27 23:00:00'),
(2, 4, 13, 4, '2017-12-21 23:00:00', '2017-12-26 23:00:00');

-- --------------------------------------------------------

--
-- Table structure for table `users`
--

CREATE TABLE `users` (
  `id` int(10) UNSIGNED NOT NULL,
  `name` varchar(255) NOT NULL,
  `email` varchar(255) NOT NULL,
  `password` varchar(255) NOT NULL,
  `remember_token` varchar(100) DEFAULT NULL,
  `verified` varchar(255) NOT NULL DEFAULT '0',
  `verification_token` varchar(255) DEFAULT NULL,
  `admin` varchar(255) NOT NULL DEFAULT 'false',
  `created_at` timestamp NULL DEFAULT NULL,
  `updated_at` timestamp NULL DEFAULT NULL
) ENGINE=InnoDB DEFAULT CHARSET=utf8mb4;

--
-- Dumping data for table `users`
--

INSERT INTO `users` (`id`, `name`, `email`, `password`, `remember_token`, `verified`, `verification_token`, `admin`, `created_at`, `updated_at`) VALUES
(1, 'Nico Stoltenberg', 'hettinger.sonny@example.com', '$2y$10$.tt3PS1f8qoA1Ur1h0FORuxK8rmeC9fFla06HMcYSNm/kZi1L/g66', 'BrbuBeo9o3', '0', 'l5RcM9sDALlKxVB1N1eh4abL3Egb3aOMuXj9EPzt', 'true', '2017-12-26 12:19:08', '2017-12-26 12:19:08'),
(2, 'Dr. Hershel Kozey IV', 'beahan.javier@example.com', '$2y$10$.tt3PS1f8qoA1Ur1h0FORuxK8rmeC9fFla06HMcYSNm/kZi1L/g66', 'dK0ZvnA1o1', '1', NULL, 'false', '2017-12-26 12:19:08', '2017-12-26 12:19:08'),
(3, 'Kiel McKenzie', 'donny56@example.net', '$2y$10$.tt3PS1f8qoA1Ur1h0FORuxK8rmeC9fFla06HMcYSNm/kZi1L/g66', 'T6PbxLLCXj', '1', NULL, 'false', '2017-12-26 12:19:08', '2017-12-26 12:19:08'),
(4, 'Noel Casper', 'conner94@example.org', '$2y$10$.tt3PS1f8qoA1Ur1h0FORuxK8rmeC9fFla06HMcYSNm/kZi1L/g66', 'v7i43anpEI', '0', 'hw9q3tjzLSsQOqDP5FNuPInuMeVx0kRw3I8kQe6L', 'false', '2017-12-26 12:19:08', '2017-12-26 12:19:08'),
(5, 'Augusta Mosciski PhD', 'will.baumbach@example.org', '$2y$10$.tt3PS1f8qoA1Ur1h0FORuxK8rmeC9fFla06HMcYSNm/kZi1L/g66', 'TxDEyg09GH', '1', NULL, 'true', '2017-12-26 12:19:08', '2017-12-26 12:19:08'),
(6, 'Dr. Arnulfo Rogahn', 'vreichert@example.net', '$2y$10$.tt3PS1f8qoA1Ur1h0FORuxK8rmeC9fFla06HMcYSNm/kZi1L/g66', '4HeFp80PD0', '0', 'mMg8pe6Yr9oekL2vcMIz2iumf8ABBe6mjZ4D1ad1', 'true', '2017-12-26 12:19:08', '2017-12-26 12:19:08'),
(7, 'Dr. Durward Quitzon Sr.', 'kristina30@example.org', '$2y$10$.tt3PS1f8qoA1Ur1h0FORuxK8rmeC9fFla06HMcYSNm/kZi1L/g66', 'yvZ0n8nXh1', '0', 'IRoyJ4DSh6lYqF2tTTqNOs33TzjBG4TRRJa6jaIV', 'true', '2017-12-26 12:19:08', '2017-12-26 12:19:08'),
(8, 'Zella Wisoky', 'verner.williamson@example.net', '$2y$10$.tt3PS1f8qoA1Ur1h0FORuxK8rmeC9fFla06HMcYSNm/kZi1L/g66', 'Nh84pknNUV', '0', 'Z8HfogOm1Zq3xoF0g80MkdIOHR3BxS1M0gCXqf3M', 'true', '2017-12-26 12:19:08', '2017-12-26 12:19:08'),
(9, 'Victoria Harris', 'mayer.lura@example.com', '$2y$10$.tt3PS1f8qoA1Ur1h0FORuxK8rmeC9fFla06HMcYSNm/kZi1L/g66', '0aXLJIRK3m', '1', NULL, 'false', '2017-12-26 12:19:08', '2017-12-26 12:19:08'),
(10, 'Dr. Jonas Smith IV', 'jedidiah98@example.com', '$2y$10$.tt3PS1f8qoA1Ur1h0FORuxK8rmeC9fFla06HMcYSNm/kZi1L/g66', '8tFbB7G65H', '0', 'xv2TyxVEXeY9lxi8s9lGVRLZ0LBGdc1fPgMK0nsy', 'false', '2017-12-26 12:19:08', '2017-12-26 12:19:08'),
(11, 'Alisa Luettgen', 'pagac.lance@example.org', '$2y$10$.tt3PS1f8qoA1Ur1h0FORuxK8rmeC9fFla06HMcYSNm/kZi1L/g66', 'wj4Ymxi3B1', '0', 'TNMhE9f14LBpnO34FEjZ6p6RHDmHdKagiFJKTjX2', 'true', '2017-12-26 12:19:08', '2017-12-26 12:19:08'),
(12, 'Henri Halvorson Jr.', 'thomas21@example.com', '$2y$10$.tt3PS1f8qoA1Ur1h0FORuxK8rmeC9fFla06HMcYSNm/kZi1L/g66', 'fXted1Pqgh', '1', NULL, 'true', '2017-12-26 12:19:08', '2017-12-26 12:19:08'),
(13, 'Wyman Marquardt', 'witting.brent@example.com', '$2y$10$.tt3PS1f8qoA1Ur1h0FORuxK8rmeC9fFla06HMcYSNm/kZi1L/g66', 'uhWcfJ1AZr', '0', 'iGO7BuKnfwRLB7sYByGtw4yrqjqVphQ2WTdF7UaE', 'false', '2017-12-26 12:19:08', '2017-12-26 12:19:08'),
(14, 'Daniela Boyer', 'maye88@example.com', '$2y$10$.tt3PS1f8qoA1Ur1h0FORuxK8rmeC9fFla06HMcYSNm/kZi1L/g66', 'bEmEi6lNi4', '1', NULL, 'true', '2017-12-26 12:19:08', '2017-12-26 12:19:08'),
(15, 'Stephany Jenkins DVM', 'vcole@example.net', '$2y$10$.tt3PS1f8qoA1Ur1h0FORuxK8rmeC9fFla06HMcYSNm/kZi1L/g66', '6O9xLVyjln', '0', 'UwEJPUIFvb42UljstUwwJcShcyLjvnKckoVPZ7EB', 'false', '2017-12-26 12:19:08', '2017-12-26 12:19:08'),
(16, 'Sedrick Connelly', 'dstracke@example.com', '$2y$10$.tt3PS1f8qoA1Ur1h0FORuxK8rmeC9fFla06HMcYSNm/kZi1L/g66', 'LkagiiDzh0', '0', 'HOeISp81i7myccVuiunuhoZqu4wALa0vHYwqz9ls', 'true', '2017-12-26 12:19:08', '2017-12-26 12:19:08'),
(17, 'Mrs. Cecelia Gislason V', 'nschinner@example.com', '$2y$10$.tt3PS1f8qoA1Ur1h0FORuxK8rmeC9fFla06HMcYSNm/kZi1L/g66', 'dfqEWYbVU3', '1', NULL, 'false', '2017-12-26 12:19:08', '2017-12-26 12:19:08'),
(18, 'Flossie Ledner', 'macie.dietrich@example.org', '$2y$10$.tt3PS1f8qoA1Ur1h0FORuxK8rmeC9fFla06HMcYSNm/kZi1L/g66', 'ZwB9KY7B2k', '0', '1CKD98oUBSxGMeFdCBVs9AAeWUapNxHXmZIvkQZt', 'false', '2017-12-26 12:19:08', '2017-12-26 12:19:08'),
(19, 'Jamie Cummings', 'brielle58@example.com', '$2y$10$.tt3PS1f8qoA1Ur1h0FORuxK8rmeC9fFla06HMcYSNm/kZi1L/g66', 'hJa0b8lpZa', '0', 'VMm4VZlcTbMBOMkTdRAArhUjbIcz92IG9suUsMxx', 'false', '2017-12-26 12:19:08', '2017-12-26 12:19:08'),
(20, 'Calista Koch', 'lrunte@example.com', '$2y$10$.tt3PS1f8qoA1Ur1h0FORuxK8rmeC9fFla06HMcYSNm/kZi1L/g66', '4Wl85iQ6K1', '1', NULL, 'false', '2017-12-26 12:19:08', '2017-12-26 12:19:08'),
(21, 'Tatyana Lockman DDS', 'hemmerich@example.net', '$2y$10$.tt3PS1f8qoA1Ur1h0FORuxK8rmeC9fFla06HMcYSNm/kZi1L/g66', 'tLf09sP1fx', '0', 'V7PAosizJgnnWgselK64PcU0D2dSX7gABsoT1lrk', 'true', '2017-12-26 12:19:08', '2017-12-26 12:19:08'),
(22, 'Kelsi Johns', 'ervin.zieme@example.com', '$2y$10$.tt3PS1f8qoA1Ur1h0FORuxK8rmeC9fFla06HMcYSNm/kZi1L/g66', '07jaUCs9Gr', '1', NULL, 'false', '2017-12-26 12:19:08', '2017-12-26 12:19:08'),
(23, 'Leora Ernser', 'brooklyn96@example.net', '$2y$10$.tt3PS1f8qoA1Ur1h0FORuxK8rmeC9fFla06HMcYSNm/kZi1L/g66', 'wxwN92yfhf', '1', NULL, 'true', '2017-12-26 12:19:08', '2017-12-26 12:19:08'),
(24, 'Prof. Jeffery Moen MD', 'romaguera.alanna@example.com', '$2y$10$.tt3PS1f8qoA1Ur1h0FORuxK8rmeC9fFla06HMcYSNm/kZi1L/g66', 'PjlQgKaHMD', '1', NULL, 'true', '2017-12-26 12:19:08', '2017-12-26 12:19:08'),
(25, 'Marcelo Leannon DDS', 'jules.beier@example.com', '$2y$10$.tt3PS1f8qoA1Ur1h0FORuxK8rmeC9fFla06HMcYSNm/kZi1L/g66', 'a6vctUGaJN', '0', '11Gj02DnnBEPUYy7eFTRtWbLTao17B4LJh1J6SYi', 'true', '2017-12-26 12:19:08', '2017-12-26 12:19:08'),
(26, 'Alan Davis', 'fkirlin@example.com', '$2y$10$.tt3PS1f8qoA1Ur1h0FORuxK8rmeC9fFla06HMcYSNm/kZi1L/g66', 'ctwdM3sZnn', '1', NULL, 'false', '2017-12-26 12:19:08', '2017-12-26 12:19:08'),
(27, 'Molly McClure', 'stamm.gregory@example.com', '$2y$10$.tt3PS1f8qoA1Ur1h0FORuxK8rmeC9fFla06HMcYSNm/kZi1L/g66', 'lJJbwaIKX3', '1', NULL, 'true', '2017-12-26 12:19:08', '2017-12-26 12:19:08'),
(28, 'Michel Olson', 'hiram82@example.org', '$2y$10$.tt3PS1f8qoA1Ur1h0FORuxK8rmeC9fFla06HMcYSNm/kZi1L/g66', '0PTnmgflLS', '1', NULL, 'true', '2017-12-26 12:19:08', '2017-12-26 12:19:08'),
(29, 'Albin Friesen', 'karine.hartmann@example.org', '$2y$10$.tt3PS1f8qoA1Ur1h0FORuxK8rmeC9fFla06HMcYSNm/kZi1L/g66', 'IkcZoTZBc3', '0', '9IWOaA94eDpkLVerdEP4dSkepTcVORKF1SV1v1av', 'true', '2017-12-26 12:19:08', '2017-12-26 12:19:08'),
(30, 'Cloyd Will II', 'rkuhn@example.org', '$2y$10$.tt3PS1f8qoA1Ur1h0FORuxK8rmeC9fFla06HMcYSNm/kZi1L/g66', 'PjOsAnHpof', '0', '8HVLgsiZsgZ2UHJn8ln9l2b1h5JIQ6BG7V0FuOJo', 'false', '2017-12-26 12:19:08', '2017-12-26 12:19:08'),
(31, 'Dorothea Bednar', 'brigitte13@example.net', '$2y$10$.tt3PS1f8qoA1Ur1h0FORuxK8rmeC9fFla06HMcYSNm/kZi1L/g66', 'ZPT18MJLfx', '1', NULL, 'false', '2017-12-26 12:19:08', '2017-12-26 12:19:08'),
(32, 'Miss Cierra Ortiz PhD', 'bcruickshank@example.org', '$2y$10$.tt3PS1f8qoA1Ur1h0FORuxK8rmeC9fFla06HMcYSNm/kZi1L/g66', 'BGtJf66uL1', '0', 'eRqxNV2RPclvdytFd8SRMDmRR9EnbImOUSiwRfTY', 'false', '2017-12-26 12:19:08', '2017-12-26 12:19:08'),
(33, 'Theodore Kulas', 'alexys.schaefer@example.net', '$2y$10$.tt3PS1f8qoA1Ur1h0FORuxK8rmeC9fFla06HMcYSNm/kZi1L/g66', '5pFkeYg2Rh', '0', 'okY5jwD5o2IxN9hs4J3Mpm8SeFTgnidQiVdyeje9', 'false', '2017-12-26 12:19:08', '2017-12-26 12:19:08'),
(34, 'Jada Bednar Sr.', 'nikolaus.carol@example.net', '$2y$10$.tt3PS1f8qoA1Ur1h0FORuxK8rmeC9fFla06HMcYSNm/kZi1L/g66', 'NYdqbkIjzK', '0', 'ecXgvbzMOF1fWukkBHBvIXKdvo3uhPA99PKahI1V', 'true', '2017-12-26 12:19:08', '2017-12-26 12:19:08'),
(35, 'Thalia Feil I', 'alf87@example.com', '$2y$10$.tt3PS1f8qoA1Ur1h0FORuxK8rmeC9fFla06HMcYSNm/kZi1L/g66', '6YbZMe22Xq', '0', '92sH7AJexg8RTrZBBVIfSJLdSxucOya8wMu703z4', 'false', '2017-12-26 12:19:08', '2017-12-26 12:19:08'),
(36, 'Clare Hagenes', 'gleichner.annabel@example.com', '$2y$10$.tt3PS1f8qoA1Ur1h0FORuxK8rmeC9fFla06HMcYSNm/kZi1L/g66', 'JnM4uBkdD8', '1', NULL, 'false', '2017-12-26 12:19:08', '2017-12-26 12:19:08'),
(37, 'Sylvester Corwin', 'pfeffer.rico@example.org', '$2y$10$.tt3PS1f8qoA1Ur1h0FORuxK8rmeC9fFla06HMcYSNm/kZi1L/g66', '28MGPE5e1q', '1', NULL, 'true', '2017-12-26 12:19:08', '2017-12-26 12:19:08'),
(38, 'Jayne Carter PhD', 'turcotte.rico@example.com', '$2y$10$.tt3PS1f8qoA1Ur1h0FORuxK8rmeC9fFla06HMcYSNm/kZi1L/g66', '7cdEudAIy7', '1', NULL, 'true', '2017-12-26 12:19:08', '2017-12-26 12:19:08'),
(39, 'Dr. Ethyl Runolfsson II', 'schimmel.delphine@example.com', '$2y$10$.tt3PS1f8qoA1Ur1h0FORuxK8rmeC9fFla06HMcYSNm/kZi1L/g66', 'OtjBbZ1fM1', '1', NULL, 'false', '2017-12-26 12:19:08', '2017-12-26 12:19:08'),
(40, 'Lazaro Cole', 'viva.rath@example.com', '$2y$10$.tt3PS1f8qoA1Ur1h0FORuxK8rmeC9fFla06HMcYSNm/kZi1L/g66', 'uA0LgK789T', '0', 'vBpxD7x2XF0RbjVB6YIbsgDoEjrzfFka8P713owL', 'true', '2017-12-26 12:19:08', '2017-12-26 12:19:08'),
(41, 'Hester Shields', 'shanahan.juston@example.net', '$2y$10$.tt3PS1f8qoA1Ur1h0FORuxK8rmeC9fFla06HMcYSNm/kZi1L/g66', 'mRW2NAbcOe', '0', 'JOSdt65DUX1qK91ZYYGn1UTxwiu4LUu2ZLbWGeFZ', 'true', '2017-12-26 12:19:08', '2017-12-26 12:19:08'),
(42, 'Sarai Anderson', 'merl.dickens@example.net', '$2y$10$.tt3PS1f8qoA1Ur1h0FORuxK8rmeC9fFla06HMcYSNm/kZi1L/g66', '2lmQGH4e7a', '1', NULL, 'true', '2017-12-26 12:19:08', '2017-12-26 12:19:08'),
(43, 'Maudie Gorczany', 'stamm.florida@example.org', '$2y$10$.tt3PS1f8qoA1Ur1h0FORuxK8rmeC9fFla06HMcYSNm/kZi1L/g66', 'pHTRy1KPLL', '1', NULL, 'true', '2017-12-26 12:19:08', '2017-12-26 12:19:08'),
(44, 'Frank Torphy', 'koch.frederic@example.net', '$2y$10$.tt3PS1f8qoA1Ur1h0FORuxK8rmeC9fFla06HMcYSNm/kZi1L/g66', 'IbQD7yvXuk', '0', 'DUXzNLkPoajOqYg4eFZrHCd1SUDhsl88GpjToO0P', 'false', '2017-12-26 12:19:08', '2017-12-26 12:19:08'),
(45, 'Prof. Demond Cummings', 'declan24@example.net', '$2y$10$.tt3PS1f8qoA1Ur1h0FORuxK8rmeC9fFla06HMcYSNm/kZi1L/g66', 'cBxTMwd9or', '1', NULL, 'false', '2017-12-26 12:19:08', '2017-12-26 12:19:08'),
(46, 'Jarod Johnston', 'lowell.macejkovic@example.com', '$2y$10$.tt3PS1f8qoA1Ur1h0FORuxK8rmeC9fFla06HMcYSNm/kZi1L/g66', 'Xrt6qJw5D6', '0', 'aC2CstRZjq0wocJu9wYOUvHCtqZdTf1VuosL2EQM', 'true', '2017-12-26 12:19:08', '2017-12-26 12:19:08'),
(47, 'Mr. Orin Monahan PhD', 'mdietrich@example.org', '$2y$10$.tt3PS1f8qoA1Ur1h0FORuxK8rmeC9fFla06HMcYSNm/kZi1L/g66', 'AqBVp40dt5', '1', NULL, 'true', '2017-12-26 12:19:08', '2017-12-26 12:19:08'),
(48, 'Walker Schroeder', 'sarah.runolfsson@example.org', '$2y$10$.tt3PS1f8qoA1Ur1h0FORuxK8rmeC9fFla06HMcYSNm/kZi1L/g66', 't52hyxP4oD', '0', 'kcXO8kspD2VqkzH2t875Ny7bgYL0Wi4XRwItDYnd', 'true', '2017-12-26 12:19:08', '2017-12-26 12:19:08'),
(49, 'Michel Luettgen', 'lea.corkery@example.net', '$2y$10$.tt3PS1f8qoA1Ur1h0FORuxK8rmeC9fFla06HMcYSNm/kZi1L/g66', '07XAhEwGBq', '0', 't1IzURA3m0444dJBXG5cLcoJezCD8axiWRWQEFPP', 'true', '2017-12-26 12:19:08', '2017-12-26 12:19:08'),
(50, 'Trudie McDermott Jr.', 'carmine76@example.net', '$2y$10$.tt3PS1f8qoA1Ur1h0FORuxK8rmeC9fFla06HMcYSNm/kZi1L/g66', 'dYdnR9KKzk', '1', NULL, 'true', '2017-12-26 12:19:08', '2017-12-26 12:19:08'),
(51, 'Dzasmin', 'dzasmin@mail.rs', '123', '12234', '0', '123', 'false', NULL, NULL),
(52, 'Marko', 'marko@mail.ru', '$2y$10$MhLxgOxK9y6hHOWv69gvbOa8YWiZ0i4RA3Qjj/.htwinpeSGhPjwi', NULL, '0', 'iDYgg5m3iJ5Dwe6NFyq5HHVF4Oij7DLZh2jHxIpg', 'false', '2017-12-26 14:01:39', '2017-12-26 14:01:39'),
(53, 'pera', 'peki@meki.com', '$2y$10$UIJ/lJJZFisMs8lEw60K..FcjpSYDf5gq6evqM75fDekBcjZgpP6G', NULL, '0', '71wqnzai1nzeQLPYudCMpnB60ZPXnEmDVrmJ1eam', 'false', '2017-12-26 14:13:16', '2017-12-26 14:13:16'),
(56, 'okram', 'okram@meki.com', '$2y$10$C4KZ6TVmgFr80kYuWLsXheCCkFpjD67ZTLYRxb.xH2aJ8dh9KqkpO', NULL, '0', 'qqR45YIT6RaE5t0fPgjmYWIzv2kPCE2dTDeOO1t2', 'false', '2017-12-26 14:17:05', '2017-12-26 14:17:05');

--
-- Indexes for dumped tables
--

--
-- Indexes for table `categories`
--
ALTER TABLE `categories`
  ADD PRIMARY KEY (`id`);

--
-- Indexes for table `category_product`
--
ALTER TABLE `category_product`
  ADD KEY `category_product_category_id_foreign` (`category_id`),
  ADD KEY `category_product_product_id_foreign` (`product_id`);

--
-- Indexes for table `migrations`
--
ALTER TABLE `migrations`
  ADD PRIMARY KEY (`id`);

--
-- Indexes for table `password_resets`
--
ALTER TABLE `password_resets`
  ADD KEY `password_resets_email_index` (`email`);

--
-- Indexes for table `products`
--
ALTER TABLE `products`
  ADD PRIMARY KEY (`id`),
  ADD KEY `products_seller_id_foreign` (`seller_id`);

--
-- Indexes for table `transactions`
--
ALTER TABLE `transactions`
  ADD PRIMARY KEY (`id`),
  ADD KEY `transactions_buyer_id_foreign` (`buyer_id`),
  ADD KEY `transactions_product_id_foreign` (`product_id`);

--
-- Indexes for table `users`
--
ALTER TABLE `users`
  ADD PRIMARY KEY (`id`),
  ADD UNIQUE KEY `users_email_unique` (`email`);

--
-- AUTO_INCREMENT for dumped tables
--

--
-- AUTO_INCREMENT for table `categories`
--
ALTER TABLE `categories`
  MODIFY `id` int(10) UNSIGNED NOT NULL AUTO_INCREMENT, AUTO_INCREMENT=301;
--
-- AUTO_INCREMENT for table `migrations`
--
ALTER TABLE `migrations`
  MODIFY `id` int(10) UNSIGNED NOT NULL AUTO_INCREMENT, AUTO_INCREMENT=37;
--
-- AUTO_INCREMENT for table `products`
--
ALTER TABLE `products`
  MODIFY `id` int(10) UNSIGNED NOT NULL AUTO_INCREMENT, AUTO_INCREMENT=301;
--
-- AUTO_INCREMENT for table `transactions`
--
ALTER TABLE `transactions`
  MODIFY `id` int(10) UNSIGNED NOT NULL AUTO_INCREMENT, AUTO_INCREMENT=3;
--
-- AUTO_INCREMENT for table `users`
--
ALTER TABLE `users`
  MODIFY `id` int(10) UNSIGNED NOT NULL AUTO_INCREMENT, AUTO_INCREMENT=57;
--
-- Constraints for dumped tables
--

--
-- Constraints for table `category_product`
--
ALTER TABLE `category_product`
  ADD CONSTRAINT `category_product_category_id_foreign` FOREIGN KEY (`category_id`) REFERENCES `categories` (`id`),
  ADD CONSTRAINT `category_product_product_id_foreign` FOREIGN KEY (`product_id`) REFERENCES `products` (`id`);

--
-- Constraints for table `products`
--
ALTER TABLE `products`
  ADD CONSTRAINT `products_seller_id_foreign` FOREIGN KEY (`seller_id`) REFERENCES `users` (`id`);

--
-- Constraints for table `transactions`
--
ALTER TABLE `transactions`
  ADD CONSTRAINT `transactions_buyer_id_foreign` FOREIGN KEY (`buyer_id`) REFERENCES `users` (`id`),
  ADD CONSTRAINT `transactions_product_id_foreign` FOREIGN KEY (`product_id`) REFERENCES `products` (`id`);

/*!40101 SET CHARACTER_SET_CLIENT=@OLD_CHARACTER_SET_CLIENT */;
/*!40101 SET CHARACTER_SET_RESULTS=@OLD_CHARACTER_SET_RESULTS */;
/*!40101 SET COLLATION_CONNECTION=@OLD_COLLATION_CONNECTION */;
